"Stock.ID","Species","Stock","Ocean.Region2","BY","R0.1","R","S","Lat","Lon","ocean.basin"
158,"Pink","Nisqually-Odd","WC",1959,8764,8764,4000,47.101,-122.706,"SC"
158,"Pink","Nisqually-Odd","WC",1961,19593,19593,5000,47.101,-122.706,"SC"
158,"Pink","Nisqually-Odd","WC",1963,9057,9057,9000,47.101,-122.706,"SC"
158,"Pink","Nisqually-Odd","WC",1965,17416,17416,4000,47.101,-122.706,"SC"
158,"Pink","Nisqually-Odd","WC",1967,6295,6295,7000,47.101,-122.706,"SC"
158,"Pink","Nisqually-Odd","WC",1969,20545,20545,3500,47.101,-122.706,"SC"
158,"Pink","Nisqually-Odd","WC",1971,25160,25160,10000,47.101,-122.706,"SC"
158,"Pink","Nisqually-Odd","WC",1973,13645,13645,8000,47.101,-122.706,"SC"
158,"Pink","Nisqually-Odd","WC",1975,10690,10690,6000,47.101,-122.706,"SC"
158,"Pink","Nisqually-Odd","WC",1977,4654,4654,5200,47.101,-122.706,"SC"
158,"Pink","Nisqually-Odd","WC",1979,1281,1281,1300,47.101,-122.706,"SC"
158,"Pink","Nisqually-Odd","WC",1981,1178,1178,500,47.101,-122.706,"SC"
158,"Pink","Nisqually-Odd","WC",1983,1440,1440,500,47.101,-122.706,"SC"
158,"Pink","Nisqually-Odd","WC",1985,12576,12576,500,47.101,-122.706,"SC"
158,"Pink","Nisqually-Odd","WC",1987,22582,22582,7700,47.101,-122.706,"SC"
158,"Pink","Nisqually-Odd","WC",1989,3213,3213,12300,47.101,-122.706,"SC"
158,"Pink","Nisqually-Odd","WC",1991,690,690,1900,47.101,-122.706,"SC"
158,"Pink","Nisqually-Odd","WC",1993,892,892,500,47.101,-122.706,"SC"
158,"Pink","Nisqually-Odd","WC",1995,46,46,579,47.101,-122.706,"SC"
158,"Pink","Nisqually-Odd","WC",2005,1452,1452,581,47.101,-122.706,"SC"
158,"Pink","Nisqually-Odd","WC",2007,14978,14978,1000,47.101,-122.706,"SC"
158,"Pink","Nisqually-Odd","WC",2009,853033,853033,12300,47.101,-122.706,"SC"
158,"Pink","Nisqually-Odd","WC",2011,921434,921434,765447,47.101,-122.706,"SC"
158,"Pink","Nisqually-Odd","WC",2013,204814,204814,815887,47.101,-122.706,"SC"
158,"Pink","Nisqually-Odd","WC",2015,9492,9492,162148,47.101,-122.706,"SC"
158,"Pink","Nisqually-Odd","WC",2017,425527,425527,6801,47.101,-122.706,"SC"
158,"Pink","Nisqually-Odd","WC",2019,94429,94429,406029,47.101,-122.706,"SC"
159,"Pink","S South Misc.-Odd","WC",1959,122,122,100,47.16,-122.91,"SC"
159,"Pink","S South Misc.-Odd","WC",1961,368,368,100,47.16,-122.91,"SC"
159,"Pink","S South Misc.-Odd","WC",1963,719,719,200,47.16,-122.91,"SC"
159,"Pink","S South Misc.-Odd","WC",1965,813,813,500,47.16,-122.91,"SC"
159,"Pink","S South Misc.-Odd","WC",1967,452,452,400,47.16,-122.91,"SC"
159,"Pink","S South Misc.-Odd","WC",1969,720,720,300,47.16,-122.91,"SC"
159,"Pink","S South Misc.-Odd","WC",1971,975,975,500,47.16,-122.91,"SC"
159,"Pink","S South Misc.-Odd","WC",1973,174,174,600,47.16,-122.91,"SC"
159,"Pink","S South Misc.-Odd","WC",1975,1419,1419,100,47.16,-122.91,"SC"
159,"Pink","S South Misc.-Odd","WC",1977,2374,2374,700,47.16,-122.91,"SC"
159,"Pink","S South Misc.-Odd","WC",1979,429,429,800,47.16,-122.91,"SC"
159,"Pink","S South Misc.-Odd","WC",1981,241,241,100,47.16,-122.91,"SC"
159,"Pink","S South Misc.-Odd","WC",1983,195,195,100,47.16,-122.91,"SC"
159,"Pink","S South Misc.-Odd","WC",1985,142,142,100,47.16,-122.91,"SC"
159,"Pink","S South Misc.-Odd","WC",1987,98,98,100,47.16,-122.91,"SC"
159,"Pink","S South Misc.-Odd","WC",1989,83,83,50,47.16,-122.91,"SC"
159,"Pink","S South Misc.-Odd","WC",1991,66,66,50,47.16,-122.91,"SC"
159,"Pink","S South Misc.-Odd","WC",1993,71,71,50,47.16,-122.91,"SC"
159,"Pink","S South Misc.-Odd","WC",1995,326,326,31,47.16,-122.91,"SC"
159,"Pink","S South Misc.-Odd","WC",1997,20,20,233,47.16,-122.91,"SC"
159,"Pink","S South Misc.-Odd","WC",1999,174,174,17,47.16,-122.91,"SC"
159,"Pink","S South Misc.-Odd","WC",2001,204,204,114,47.16,-122.91,"SC"
159,"Pink","S South Misc.-Odd","WC",2003,107,107,186,47.16,-122.91,"SC"
159,"Pink","S South Misc.-Odd","WC",2005,143,143,95,47.16,-122.91,"SC"
159,"Pink","S South Misc.-Odd","WC",2007,1852,1852,129,47.16,-122.91,"SC"
159,"Pink","S South Misc.-Odd","WC",2009,585,585,1492,47.16,-122.91,"SC"
159,"Pink","S South Misc.-Odd","WC",2011,1648,1648,315,47.16,-122.91,"SC"
159,"Pink","S South Misc.-Odd","WC",2013,827,827,1147,47.16,-122.91,"SC"
159,"Pink","S South Misc.-Odd","WC",2015,93,93,607,47.16,-122.91,"SC"
159,"Pink","S South Misc.-Odd","WC",2017,31,31,86,47.16,-122.91,"SC"
159,"Pink","S South Misc.-Odd","WC",2019,161,161,14,47.16,-122.91,"SC"
151,"Pink","Puyallup-Odd","WC",1959,35762,35762,14000,47.26972,-122.4272,"SC"
151,"Pink","Puyallup-Odd","WC",1961,115338,115338,10000,47.26972,-122.4272,"SC"
151,"Pink","Puyallup-Odd","WC",1963,36145,36145,10221,47.26972,-122.4272,"SC"
151,"Pink","Puyallup-Odd","WC",1965,45313,45313,25131,47.26972,-122.4272,"SC"
151,"Pink","Puyallup-Odd","WC",1967,24152,24152,22038,47.26972,-122.4272,"SC"
151,"Pink","Puyallup-Odd","WC",1969,66498,66498,16003,47.26972,-122.4272,"SC"
151,"Pink","Puyallup-Odd","WC",1971,32721,32721,40000,47.26972,-122.4272,"SC"
151,"Pink","Puyallup-Odd","WC",1973,38204,38204,12194,47.26972,-122.4272,"SC"
151,"Pink","Puyallup-Odd","WC",1975,57846,57846,11800,47.26972,-122.4272,"SC"
151,"Pink","Puyallup-Odd","WC",1977,111968,111968,29429,47.26972,-122.4272,"SC"
151,"Pink","Puyallup-Odd","WC",1979,37940,37940,29481,47.26972,-122.4272,"SC"
151,"Pink","Puyallup-Odd","WC",1981,25827,25827,12115,47.26972,-122.4272,"SC"
151,"Pink","Puyallup-Odd","WC",1983,54789,54789,11600,47.26972,-122.4272,"SC"
151,"Pink","Puyallup-Odd","WC",1985,48423,48423,34100,47.26972,-122.4272,"SC"
151,"Pink","Puyallup-Odd","WC",1987,113178,113178,34400,47.26972,-122.4272,"SC"
151,"Pink","Puyallup-Odd","WC",1989,24600,24600,49850,47.26972,-122.4272,"SC"
151,"Pink","Puyallup-Odd","WC",1991,14312,14312,14000,47.26972,-122.4272,"SC"
151,"Pink","Puyallup-Odd","WC",1993,27926,27926,10069,47.26972,-122.4272,"SC"
151,"Pink","Puyallup-Odd","WC",1995,3703,3703,17596,47.26972,-122.4272,"SC"
151,"Pink","Puyallup-Odd","WC",1997,4832,4832,2732,47.26972,-122.4272,"SC"
151,"Pink","Puyallup-Odd","WC",1999,18875,18875,4653,47.26972,-122.4272,"SC"
151,"Pink","Puyallup-Odd","WC",2001,213130,213130,16577,47.26972,-122.4272,"SC"
151,"Pink","Puyallup-Odd","WC",2003,323833,323833,191515,47.26972,-122.4272,"SC"
151,"Pink","Puyallup-Odd","WC",2005,471705,471705,287230,47.26972,-122.4272,"SC"
151,"Pink","Puyallup-Odd","WC",2007,1502355,1502355,417767,47.26972,-122.4272,"SC"
151,"Pink","Puyallup-Odd","WC",2009,1034234,1034234,1203364,47.26972,-122.4272,"SC"
151,"Pink","Puyallup-Odd","WC",2011,869920,869920,792785,47.26972,-122.4272,"SC"
151,"Pink","Puyallup-Odd","WC",2013,832550,832550,596693,47.26972,-122.4272,"SC"
151,"Pink","Puyallup-Odd","WC",2015,104208,104208,626096,47.26972,-122.4272,"SC"
151,"Pink","Puyallup-Odd","WC",2017,570753,570753,85374,47.26972,-122.4272,"SC"
151,"Pink","Puyallup-Odd","WC",2019,610026,610026,515546,47.26972,-122.4272,"SC"
152,"Pink","Hood Canal-Odd","WC",1959,44967,44967,30500,47.5644,-122.9956,"SC"
152,"Pink","Hood Canal-Odd","WC",1961,901739,901739,36800,47.5644,-122.9956,"SC"
152,"Pink","Hood Canal-Odd","WC",1963,221037,221037,503000,47.5644,-122.9956,"SC"
152,"Pink","Hood Canal-Odd","WC",1965,501233,501233,160000,47.5644,-122.9956,"SC"
152,"Pink","Hood Canal-Odd","WC",1967,60227,60227,269000,47.5644,-122.9956,"SC"
152,"Pink","Hood Canal-Odd","WC",1969,143701,143701,42000,47.5644,-122.9956,"SC"
152,"Pink","Hood Canal-Odd","WC",1971,72276,72276,104000,47.5644,-122.9956,"SC"
152,"Pink","Hood Canal-Odd","WC",1973,19748,19748,46500,47.5644,-122.9956,"SC"
152,"Pink","Hood Canal-Odd","WC",1975,81580,81580,12500,47.5644,-122.9956,"SC"
152,"Pink","Hood Canal-Odd","WC",1977,76320,76320,44000,47.5644,-122.9956,"SC"
152,"Pink","Hood Canal-Odd","WC",1979,12426,12426,37100,47.5644,-122.9956,"SC"
152,"Pink","Hood Canal-Odd","WC",1981,29372,29372,6450,47.5644,-122.9956,"SC"
152,"Pink","Hood Canal-Odd","WC",1983,91463,91463,25000,47.5644,-122.9956,"SC"
152,"Pink","Hood Canal-Odd","WC",1985,81812,81812,63800,47.5644,-122.9956,"SC"
152,"Pink","Hood Canal-Odd","WC",1987,120813,120813,62100,47.5644,-122.9956,"SC"
152,"Pink","Hood Canal-Odd","WC",1989,166550,166550,60800,47.5644,-122.9956,"SC"
152,"Pink","Hood Canal-Odd","WC",1991,39519,39519,118200,47.5644,-122.9956,"SC"
152,"Pink","Hood Canal-Odd","WC",1993,36244,36244,35326,47.5644,-122.9956,"SC"
152,"Pink","Hood Canal-Odd","WC",1995,9685,9685,31286,47.5644,-122.9956,"SC"
152,"Pink","Hood Canal-Odd","WC",1997,12981,12981,8299,47.5644,-122.9956,"SC"
152,"Pink","Hood Canal-Odd","WC",1999,104022,104022,12663,47.5644,-122.9956,"SC"
152,"Pink","Hood Canal-Odd","WC",2001,40521,40521,98261,47.5644,-122.9956,"SC"
152,"Pink","Hood Canal-Odd","WC",2003,17954,17954,37462,47.5644,-122.9956,"SC"
152,"Pink","Hood Canal-Odd","WC",2005,30709,30709,17442,47.5644,-122.9956,"SC"
152,"Pink","Hood Canal-Odd","WC",2007,11673,11673,28964,47.5644,-122.9956,"SC"
152,"Pink","Hood Canal-Odd","WC",2009,15524,15524,10797,47.5644,-122.9956,"SC"
152,"Pink","Hood Canal-Odd","WC",2011,203323,203323,14275,47.5644,-122.9956,"SC"
152,"Pink","Hood Canal-Odd","WC",2013,591671,591671,191676,47.5644,-122.9956,"SC"
152,"Pink","Hood Canal-Odd","WC",2015,28561,28561,549512,47.5644,-122.9956,"SC"
152,"Pink","Hood Canal-Odd","WC",2017,57157,57157,27174,47.5644,-122.9956,"SC"
152,"Pink","Hood Canal-Odd","WC",2019,466969,466969,55297,47.5644,-122.9956,"SC"
153,"Pink","Snohomish-Odd","WC",1959,82669,82669,85000,48.02139,-122.2072,"SC"
153,"Pink","Snohomish-Odd","WC",1961,983024,983024,50168,48.02139,-122.2072,"SC"
153,"Pink","Snohomish-Odd","WC",1963,303210,303210,275042,48.02139,-122.2072,"SC"
153,"Pink","Snohomish-Odd","WC",1965,210943,210943,185015,48.02139,-122.2072,"SC"
153,"Pink","Snohomish-Odd","WC",1967,109266,109266,95013,48.02139,-122.2072,"SC"
153,"Pink","Snohomish-Odd","WC",1969,191706,191706,70009,48.02139,-122.2072,"SC"
153,"Pink","Snohomish-Odd","WC",1971,207379,207379,125000,48.02139,-122.2072,"SC"
153,"Pink","Snohomish-Odd","WC",1973,129011,129011,110000,48.02139,-122.2072,"SC"
153,"Pink","Snohomish-Odd","WC",1975,237583,237583,65751,48.02139,-122.2072,"SC"
153,"Pink","Snohomish-Odd","WC",1977,404441,404441,125990,48.02139,-122.2072,"SC"
153,"Pink","Snohomish-Odd","WC",1979,205267,205267,180724,48.02139,-122.2072,"SC"
153,"Pink","Snohomish-Odd","WC",1981,265291,265291,90096,48.02139,-122.2072,"SC"
153,"Pink","Snohomish-Odd","WC",1983,565630,565630,198283,48.02139,-122.2072,"SC"
153,"Pink","Snohomish-Odd","WC",1985,244729,244729,302192,48.02139,-122.2072,"SC"
153,"Pink","Snohomish-Odd","WC",1987,329570,329570,152418,48.02139,-122.2072,"SC"
153,"Pink","Snohomish-Odd","WC",1989,292600,292600,80149,48.02139,-122.2072,"SC"
153,"Pink","Snohomish-Odd","WC",1991,125514,125514,174000,48.02139,-122.2072,"SC"
153,"Pink","Snohomish-Odd","WC",1993,169436,169436,100000,48.02139,-122.2072,"SC"
153,"Pink","Snohomish-Odd","WC",1995,147012,147012,101600,48.02139,-122.2072,"SC"
153,"Pink","Snohomish-Odd","WC",1997,253347,253347,103537,48.02139,-122.2072,"SC"
153,"Pink","Snohomish-Odd","WC",1999,1195100,1195100,237057,48.02139,-122.2072,"SC"
153,"Pink","Snohomish-Odd","WC",2001,1648022,1648022,1073369,48.02139,-122.2072,"SC"
153,"Pink","Snohomish-Odd","WC",2003,541646,541646,1392568,48.02139,-122.2072,"SC"
153,"Pink","Snohomish-Odd","WC",2005,1259510,1259510,482245,48.02139,-122.2072,"SC"
153,"Pink","Snohomish-Odd","WC",2007,2517254,2517254,1143695,48.02139,-122.2072,"SC"
153,"Pink","Snohomish-Odd","WC",2009,897289,897289,1929839,48.02139,-122.2072,"SC"
153,"Pink","Snohomish-Odd","WC",2011,3054656,3054656,433326,48.02139,-122.2072,"SC"
153,"Pink","Snohomish-Odd","WC",2013,569619,569619,1907088,48.02139,-122.2072,"SC"
153,"Pink","Snohomish-Odd","WC",2015,72484,72484,389446,48.02139,-122.2072,"SC"
153,"Pink","Snohomish-Odd","WC",2017,628168,628168,57491,48.02139,-122.2072,"SC"
153,"Pink","Snohomish-Odd","WC",2019,849784,849784,595953,48.02139,-122.2072,"SC"
154,"Pink","Dungeness-Odd","WC",1959,83783,83783,40000,48.1508,-123.1333,"SC"
154,"Pink","Dungeness-Odd","WC",1961,638225,638225,70000,48.1508,-123.1333,"SC"
154,"Pink","Dungeness-Odd","WC",1963,101214,101214,400000,48.1508,-123.1333,"SC"
154,"Pink","Dungeness-Odd","WC",1965,206141,206141,75000,48.1508,-123.1333,"SC"
154,"Pink","Dungeness-Odd","WC",1967,20471,20471,95000,48.1508,-123.1333,"SC"
154,"Pink","Dungeness-Odd","WC",1969,62553,62553,14400,48.1508,-123.1333,"SC"
154,"Pink","Dungeness-Odd","WC",1971,71434,71434,46000,48.1508,-123.1333,"SC"
154,"Pink","Dungeness-Odd","WC",1973,36419,36419,47000,48.1508,-123.1333,"SC"
154,"Pink","Dungeness-Odd","WC",1975,65109,65109,24300,48.1508,-123.1333,"SC"
154,"Pink","Dungeness-Odd","WC",1977,115931,115931,35700,48.1508,-123.1333,"SC"
154,"Pink","Dungeness-Odd","WC",1979,6184,6184,50100,48.1508,-123.1333,"SC"
154,"Pink","Dungeness-Odd","WC",1981,5712,5712,2900,48.1508,-123.1333,"SC"
154,"Pink","Dungeness-Odd","WC",1983,6559,6559,4888,48.1508,-123.1333,"SC"
154,"Pink","Dungeness-Odd","WC",1985,2308,2308,4730,48.1508,-123.1333,"SC"
154,"Pink","Dungeness-Odd","WC",1987,15663,15663,1906,48.1508,-123.1333,"SC"
154,"Pink","Dungeness-Odd","WC",1989,13887,13887,10902,48.1508,-123.1333,"SC"
154,"Pink","Dungeness-Odd","WC",1991,1861,1861,9895,48.1508,-123.1333,"SC"
154,"Pink","Dungeness-Odd","WC",1993,9460,9460,1695,48.1508,-123.1333,"SC"
154,"Pink","Dungeness-Odd","WC",1995,5615,5615,8252,48.1508,-123.1333,"SC"
154,"Pink","Dungeness-Odd","WC",1997,7332,7332,4935,48.1508,-123.1333,"SC"
154,"Pink","Dungeness-Odd","WC",1999,81138,81138,7306,48.1508,-123.1333,"SC"
154,"Pink","Dungeness-Odd","WC",2001,15461,15461,80344,48.1508,-123.1333,"SC"
154,"Pink","Dungeness-Odd","WC",2003,8779,8779,15116,48.1508,-123.1333,"SC"
154,"Pink","Dungeness-Odd","WC",2005,6359,6359,8667,48.1508,-123.1333,"SC"
154,"Pink","Dungeness-Odd","WC",2007,44172,44172,6223,48.1508,-123.1333,"SC"
154,"Pink","Dungeness-Odd","WC",2009,29315,29315,41477,48.1508,-123.1333,"SC"
154,"Pink","Dungeness-Odd","WC",2011,414684,414684,27405,48.1508,-123.1333,"SC"
154,"Pink","Dungeness-Odd","WC",2013,357071,357071,394016,48.1508,-123.1333,"SC"
154,"Pink","Dungeness-Odd","WC",2015,18441,18441,337616,48.1508,-123.1333,"SC"
154,"Pink","Dungeness-Odd","WC",2017,49618,49618,17753,48.1508,-123.1333,"SC"
154,"Pink","Dungeness-Odd","WC",2019,160226,160226,48233,48.1508,-123.1333,"SC"
155,"Pink","Stillaguamish-Odd","WC",1959,205979,205979,125000,48.23861,-122.3758,"SC"
155,"Pink","Stillaguamish-Odd","WC",1961,2287418,2287418,125000,48.23861,-122.3758,"SC"
155,"Pink","Stillaguamish-Odd","WC",1963,303185,303185,640000,48.23861,-122.3758,"SC"
155,"Pink","Stillaguamish-Odd","WC",1965,233114,233114,185000,48.23861,-122.3758,"SC"
155,"Pink","Stillaguamish-Odd","WC",1967,117056,117056,105000,48.23861,-122.3758,"SC"
155,"Pink","Stillaguamish-Odd","WC",1969,306729,306729,75000,48.23861,-122.3758,"SC"
155,"Pink","Stillaguamish-Odd","WC",1971,65984,65984,200000,48.23861,-122.3758,"SC"
155,"Pink","Stillaguamish-Odd","WC",1973,58918,58918,35000,48.23861,-122.3758,"SC"
155,"Pink","Stillaguamish-Odd","WC",1975,71653,71653,30000,48.23861,-122.3758,"SC"
155,"Pink","Stillaguamish-Odd","WC",1977,299923,299923,38000,48.23861,-122.3758,"SC"
155,"Pink","Stillaguamish-Odd","WC",1979,46884,46884,135000,48.23861,-122.3758,"SC"
155,"Pink","Stillaguamish-Odd","WC",1981,168700,168700,18000,48.23861,-122.3758,"SC"
155,"Pink","Stillaguamish-Odd","WC",1983,374856,374856,126100,48.23861,-122.3758,"SC"
155,"Pink","Stillaguamish-Odd","WC",1985,188426,188426,200000,48.23861,-122.3758,"SC"
155,"Pink","Stillaguamish-Odd","WC",1987,339913,339913,119000,48.23861,-122.3758,"SC"
155,"Pink","Stillaguamish-Odd","WC",1989,146866,146866,70400,48.23861,-122.3758,"SC"
155,"Pink","Stillaguamish-Odd","WC",1991,131730,131730,86000,48.23861,-122.3758,"SC"
155,"Pink","Stillaguamish-Odd","WC",1993,310020,310020,110000,48.23861,-122.3758,"SC"
155,"Pink","Stillaguamish-Odd","WC",1995,128134,128134,208000,48.23861,-122.3758,"SC"
155,"Pink","Stillaguamish-Odd","WC",1997,237809,237809,88572,48.23861,-122.3758,"SC"
155,"Pink","Stillaguamish-Odd","WC",1999,854506,854506,224486,48.23861,-122.3758,"SC"
155,"Pink","Stillaguamish-Odd","WC",2001,217964,217964,774279,48.23861,-122.3758,"SC"
155,"Pink","Stillaguamish-Odd","WC",2003,125761,125761,184433,48.23861,-122.3758,"SC"
155,"Pink","Stillaguamish-Odd","WC",2005,258475,258475,117879,48.23861,-122.3758,"SC"
155,"Pink","Stillaguamish-Odd","WC",2007,1216236,1216236,239896,48.23861,-122.3758,"SC"
155,"Pink","Stillaguamish-Odd","WC",2009,339463,339463,952534,48.23861,-122.3758,"SC"
155,"Pink","Stillaguamish-Odd","WC",2011,389454,389454,179577,48.23861,-122.3758,"SC"
155,"Pink","Stillaguamish-Odd","WC",2013,125497,125497,246481,48.23861,-122.3758,"SC"
155,"Pink","Stillaguamish-Odd","WC",2015,22411,22411,91228,48.23861,-122.3758,"SC"
155,"Pink","Stillaguamish-Odd","WC",2017,58209,58209,21462,48.23861,-122.3758,"SC"
155,"Pink","Stillaguamish-Odd","WC",2019,250162,250162,55322,48.23861,-122.3758,"SC"
156,"Pink","Skagit-Odd","WC",1959,615898,615898,200000,48.3875,-122.3656,"SC"
156,"Pink","Skagit-Odd","WC",1961,5008979,5008979,400000,48.3875,-122.3656,"SC"
156,"Pink","Skagit-Odd","WC",1963,266258,266258,1190000,48.3875,-122.3656,"SC"
156,"Pink","Skagit-Odd","WC",1965,243063,243063,150000,48.3875,-122.3656,"SC"
156,"Pink","Skagit-Odd","WC",1967,155912,155912,100000,48.3875,-122.3656,"SC"
156,"Pink","Skagit-Odd","WC",1969,499705,499705,100000,48.3875,-122.3656,"SC"
156,"Pink","Skagit-Odd","WC",1971,510767,510767,300555,48.3875,-122.3656,"SC"
156,"Pink","Skagit-Odd","WC",1973,212626,212626,251181,48.3875,-122.3656,"SC"
156,"Pink","Skagit-Odd","WC",1975,934557,934557,103135,48.3875,-122.3656,"SC"
156,"Pink","Skagit-Odd","WC",1977,1146601,1146601,504924,48.3875,-122.3656,"SC"
156,"Pink","Skagit-Odd","WC",1979,408984,408984,300384,48.3875,-122.3656,"SC"
156,"Pink","Skagit-Odd","WC",1981,556769,556769,100268,48.3875,-122.3656,"SC"
156,"Pink","Skagit-Odd","WC",1983,1320537,1320537,470128,48.3875,-122.3656,"SC"
156,"Pink","Skagit-Odd","WC",1985,1162609,1162609,710030,48.3875,-122.3656,"SC"
156,"Pink","Skagit-Odd","WC",1987,1443525,1443525,593535,48.3875,-122.3656,"SC"
156,"Pink","Skagit-Odd","WC",1989,708469,708469,401300,48.3875,-122.3656,"SC"
156,"Pink","Skagit-Odd","WC",1991,782503,782503,351000,48.3875,-122.3656,"SC"
156,"Pink","Skagit-Odd","WC",1993,1716170,1716170,530000,48.3875,-122.3656,"SC"
156,"Pink","Skagit-Odd","WC",1995,140873,140873,857000,48.3875,-122.3656,"SC"
156,"Pink","Skagit-Odd","WC",1997,353892,353892,60000,48.3875,-122.3656,"SC"
156,"Pink","Skagit-Odd","WC",1999,1200342,1200342,320000,48.3875,-122.3656,"SC"
156,"Pink","Skagit-Odd","WC",2001,876931,876931,894061,48.3875,-122.3656,"SC"
156,"Pink","Skagit-Odd","WC",2003,85276,85276,567080,48.3875,-122.3656,"SC"
156,"Pink","Skagit-Odd","WC",2005,315038,315038,60000,48.3875,-122.3656,"SC"
156,"Pink","Skagit-Odd","WC",2007,1585213,1585213,300000,48.3875,-122.3656,"SC"
156,"Pink","Skagit-Odd","WC",2009,1027540,1027540,1110000,48.3875,-122.3656,"SC"
156,"Pink","Skagit-Odd","WC",2011,1624838,1624838,560000,48.3875,-122.3656,"SC"
156,"Pink","Skagit-Odd","WC",2013,412901,412901,900000,48.3875,-122.3656,"SC"
156,"Pink","Skagit-Odd","WC",2015,117877,117877,290000,48.3875,-122.3656,"SC"
156,"Pink","Skagit-Odd","WC",2017,309481,309481,110000,48.3875,-122.3656,"SC"
156,"Pink","Skagit-Odd","WC",2019,619972,619972,300000,48.3875,-122.3656,"SC"
157,"Pink","Nooksack-Odd","WC",1959,182400,182400,30000,48.775,-122.5978,"SC"
157,"Pink","Nooksack-Odd","WC",1961,591801,591801,100000,48.775,-122.5978,"SC"
157,"Pink","Nooksack-Odd","WC",1963,31244,31244,150000,48.775,-122.5978,"SC"
157,"Pink","Nooksack-Odd","WC",1965,62741,62741,15251,48.775,-122.5978,"SC"
157,"Pink","Nooksack-Odd","WC",1967,31759,31759,20000,48.775,-122.5978,"SC"
157,"Pink","Nooksack-Odd","WC",1969,69924,69924,15000,48.775,-122.5978,"SC"
157,"Pink","Nooksack-Odd","WC",1971,203146,203146,40000,48.775,-122.5978,"SC"
157,"Pink","Nooksack-Odd","WC",1973,105782,105782,75000,48.775,-122.5978,"SC"
157,"Pink","Nooksack-Odd","WC",1975,58222,58222,36000,48.775,-122.5978,"SC"
157,"Pink","Nooksack-Odd","WC",1977,141271,141271,25000,48.775,-122.5978,"SC"
157,"Pink","Nooksack-Odd","WC",1979,56041,56041,3100,48.775,-122.5978,"SC"
157,"Pink","Nooksack-Odd","WC",1981,83007,83007,15000,48.775,-122.5978,"SC"
157,"Pink","Nooksack-Odd","WC",1983,40138,40138,60000,48.775,-122.5978,"SC"
157,"Pink","Nooksack-Odd","WC",1985,47614,47614,23000,48.775,-122.5978,"SC"
157,"Pink","Nooksack-Odd","WC",1987,212294,212294,37000,48.775,-122.5978,"SC"
157,"Pink","Nooksack-Odd","WC",1989,58262,58262,136000,48.775,-122.5978,"SC"
157,"Pink","Nooksack-Odd","WC",1991,63098,63098,24000,48.775,-122.5978,"SC"
157,"Pink","Nooksack-Odd","WC",1993,260726,260726,56000,48.775,-122.5978,"SC"
157,"Pink","Nooksack-Odd","WC",1995,30971,30971,220000,48.775,-122.5978,"SC"
157,"Pink","Nooksack-Odd","WC",1997,97851,97851,26000,48.775,-122.5978,"SC"
157,"Pink","Nooksack-Odd","WC",1999,240729,240729,95000,48.775,-122.5978,"SC"
157,"Pink","Nooksack-Odd","WC",2001,53973,53973,226000,48.775,-122.5978,"SC"
157,"Pink","Nooksack-Odd","WC",2003,5622,5622,51000,48.775,-122.5978,"SC"
157,"Pink","Nooksack-Odd","WC",2005,10181,10181,3700,48.775,-122.5978,"SC"
157,"Pink","Nooksack-Odd","WC",2007,51202,51202,9300,48.775,-122.5978,"SC"
157,"Pink","Nooksack-Odd","WC",2009,60676,60676,45000,48.775,-122.5978,"SC"
157,"Pink","Nooksack-Odd","WC",2011,328351,328351,49000,48.775,-122.5978,"SC"
157,"Pink","Nooksack-Odd","WC",2013,336360,336360,224000,48.775,-122.5978,"SC"
157,"Pink","Nooksack-Odd","WC",2015,32568,32568,247000,48.775,-122.5978,"SC"
157,"Pink","Nooksack-Odd","WC",2017,69662,69662,24000,48.775,-122.5978,"SC"
157,"Pink","Nooksack-Odd","WC",2019,130045,130045,50000,48.775,-122.5978,"SC"
200,"Pink","Hecate Lowlands-Even","WC",1954,2271842,2271842,617914,52.45,-129.1,"SC"
200,"Pink","Hecate Lowlands-Even","WC",1956,1264102,1264102,997293,52.45,-129.1,"SC"
200,"Pink","Hecate Lowlands-Even","WC",1958,1343417,1343417,386030,52.45,-129.1,"SC"
200,"Pink","Hecate Lowlands-Even","WC",1960,3794721,3794721,485666,52.45,-129.1,"SC"
200,"Pink","Hecate Lowlands-Even","WC",1962,2805238,2805238,1174319,52.45,-129.1,"SC"
200,"Pink","Hecate Lowlands-Even","WC",1964,3895026,3895026,842691,52.45,-129.1,"SC"
200,"Pink","Hecate Lowlands-Even","WC",1966,4919483,4919483,1205156,52.45,-129.1,"SC"
200,"Pink","Hecate Lowlands-Even","WC",1968,2650760,2650760,1316518,52.45,-129.1,"SC"
200,"Pink","Hecate Lowlands-Even","WC",1970,2212040,2212040,788075,52.45,-129.1,"SC"
200,"Pink","Hecate Lowlands-Even","WC",1972,1792555,1792555,749848,52.45,-129.1,"SC"
200,"Pink","Hecate Lowlands-Even","WC",1974,2907742,2907742,782915,52.45,-129.1,"SC"
200,"Pink","Hecate Lowlands-Even","WC",1976,2160680,2160680,1388152,52.45,-129.1,"SC"
200,"Pink","Hecate Lowlands-Even","WC",1978,1279809,1279809,1038646,52.45,-129.1,"SC"
200,"Pink","Hecate Lowlands-Even","WC",1980,853385,853385,702365,52.45,-129.1,"SC"
200,"Pink","Hecate Lowlands-Even","WC",1982,1588954,1588954,628620,52.45,-129.1,"SC"
200,"Pink","Hecate Lowlands-Even","WC",1984,2865332,2865332,1016612,52.45,-129.1,"SC"
200,"Pink","Hecate Lowlands-Even","WC",1986,2204648,2204648,1328543,52.45,-129.1,"SC"
200,"Pink","Hecate Lowlands-Even","WC",1988,2909735,2909735,929644,52.45,-129.1,"SC"
200,"Pink","Hecate Lowlands-Even","WC",1990,729752,729752,1350469,52.45,-129.1,"SC"
200,"Pink","Hecate Lowlands-Even","WC",1992,708367,708367,364747,52.45,-129.1,"SC"
200,"Pink","Hecate Lowlands-Even","WC",1994,1513255,1513255,477515,52.45,-129.1,"SC"
200,"Pink","Hecate Lowlands-Even","WC",1996,519469,519469,1305916,52.45,-129.1,"SC"
200,"Pink","Hecate Lowlands-Even","WC",1998,1189307,1189307,457943,52.45,-129.1,"SC"
200,"Pink","Hecate Lowlands-Even","WC",2000,1651720,1651720,1103046,52.45,-129.1,"SC"
200,"Pink","Hecate Lowlands-Even","WC",2002,1025609,1025609,1351720,52.45,-129.1,"SC"
200,"Pink","Hecate Lowlands-Even","WC",2004,459758,459758,850779,52.45,-129.1,"SC"
200,"Pink","Hecate Lowlands-Even","WC",2006,368844,368844,427320,52.45,-129.1,"SC"
200,"Pink","Hecate Lowlands-Even","WC",2008,393015,393015,367560,52.45,-129.1,"SC"
200,"Pink","Hecate Lowlands-Even","WC",2010,764768,764768,388933,52.45,-129.1,"SC"
200,"Pink","Hecate Lowlands-Even","WC",2012,1637689,1637689,752950,52.45,-129.1,"SC"
200,"Pink","Hecate Lowlands-Even","WC",2014,348086,348086,1397904,52.45,-129.1,"SC"
200,"Pink","Hecate Lowlands-Even","WC",2016,113096,113096,263258,52.45,-129.1,"SC"
200,"Pink","Hecate Lowlands-Even","WC",2018,537834,537834,110542,52.45,-129.1,"SC"
201,"Pink","Hecate Strait-Fjords-Even","WC",1954,3825450,3825450,719647,52.45,-129.1,"SC"
201,"Pink","Hecate Strait-Fjords-Even","WC",1956,3283417,3283417,1827670,52.45,-129.1,"SC"
201,"Pink","Hecate Strait-Fjords-Even","WC",1958,9013461,9013461,961989,52.45,-129.1,"SC"
201,"Pink","Hecate Strait-Fjords-Even","WC",1960,32855873,32855873,3255508,52.45,-129.1,"SC"
201,"Pink","Hecate Strait-Fjords-Even","WC",1962,9702463,9702463,10716162,52.45,-129.1,"SC"
201,"Pink","Hecate Strait-Fjords-Even","WC",1964,9539214,9539214,3180325,52.45,-129.1,"SC"
201,"Pink","Hecate Strait-Fjords-Even","WC",1966,18335306,18335306,3259006,52.45,-129.1,"SC"
201,"Pink","Hecate Strait-Fjords-Even","WC",1968,6081341,6081341,5029544,52.45,-129.1,"SC"
201,"Pink","Hecate Strait-Fjords-Even","WC",1970,11684463,11684463,2035198,52.45,-129.1,"SC"
201,"Pink","Hecate Strait-Fjords-Even","WC",1972,8041627,8041627,4109698,52.45,-129.1,"SC"
201,"Pink","Hecate Strait-Fjords-Even","WC",1974,6932165,6932165,3003212,52.45,-129.1,"SC"
201,"Pink","Hecate Strait-Fjords-Even","WC",1976,10217631,10217631,3395333,52.45,-129.1,"SC"
201,"Pink","Hecate Strait-Fjords-Even","WC",1978,6155318,6155318,4842456,52.45,-129.1,"SC"
201,"Pink","Hecate Strait-Fjords-Even","WC",1980,1434578,1434578,3592315,52.45,-129.1,"SC"
201,"Pink","Hecate Strait-Fjords-Even","WC",1982,3916650,3916650,1079426,52.45,-129.1,"SC"
201,"Pink","Hecate Strait-Fjords-Even","WC",1984,17097241,17097241,2721936,52.45,-129.1,"SC"
201,"Pink","Hecate Strait-Fjords-Even","WC",1986,17251900,17251900,8735211,52.45,-129.1,"SC"
201,"Pink","Hecate Strait-Fjords-Even","WC",1988,10876291,10876291,7203354,52.45,-129.1,"SC"
201,"Pink","Hecate Strait-Fjords-Even","WC",1990,14144346,14144346,5431473,52.45,-129.1,"SC"
201,"Pink","Hecate Strait-Fjords-Even","WC",1992,1862120,1862120,7867158,52.45,-129.1,"SC"
201,"Pink","Hecate Strait-Fjords-Even","WC",1994,5667216,5667216,1253868,52.45,-129.1,"SC"
201,"Pink","Hecate Strait-Fjords-Even","WC",1996,2964731,2964731,5169371,52.45,-129.1,"SC"
201,"Pink","Hecate Strait-Fjords-Even","WC",1998,6226675,6226675,2545948,52.45,-129.1,"SC"
201,"Pink","Hecate Strait-Fjords-Even","WC",2000,6843433,6843433,5756327,52.45,-129.1,"SC"
201,"Pink","Hecate Strait-Fjords-Even","WC",2002,2906515,2906515,5848438,52.45,-129.1,"SC"
201,"Pink","Hecate Strait-Fjords-Even","WC",2004,853749,853749,2542878,52.45,-129.1,"SC"
201,"Pink","Hecate Strait-Fjords-Even","WC",2006,924241,924241,815178,52.45,-129.1,"SC"
201,"Pink","Hecate Strait-Fjords-Even","WC",2008,839848,839848,921529,52.45,-129.1,"SC"
201,"Pink","Hecate Strait-Fjords-Even","WC",2010,3502607,3502607,829663,52.45,-129.1,"SC"
201,"Pink","Hecate Strait-Fjords-Even","WC",2012,4307992,4307992,3435342,52.45,-129.1,"SC"
201,"Pink","Hecate Strait-Fjords-Even","WC",2014,8531692,8531692,3636577,52.45,-129.1,"SC"
201,"Pink","Hecate Strait-Fjords-Even","WC",2016,748633,748633,5911812,52.45,-129.1,"SC"
201,"Pink","Hecate Strait-Fjords-Even","WC",2018,14208909,14208909,726093,52.45,-129.1,"SC"
204,"Pink","N Haida Gwaii-Even","SEAK",1954,870934,870934,680033,54.09,-132.14,"NC"
204,"Pink","N Haida Gwaii-Even","SEAK",1956,1193728,1193728,724076,54.09,-132.14,"NC"
204,"Pink","N Haida Gwaii-Even","SEAK",1958,167077,167077,643036,54.09,-132.14,"NC"
204,"Pink","N Haida Gwaii-Even","SEAK",1960,339237,339237,126966,54.09,-132.14,"NC"
204,"Pink","N Haida Gwaii-Even","SEAK",1962,870420,870420,219796,54.09,-132.14,"NC"
204,"Pink","N Haida Gwaii-Even","SEAK",1964,2959786,2959786,640373,54.09,-132.14,"NC"
204,"Pink","N Haida Gwaii-Even","SEAK",1966,2869152,2869152,1672758,54.09,-132.14,"NC"
204,"Pink","N Haida Gwaii-Even","SEAK",1968,887472,887472,2040700,54.09,-132.14,"NC"
204,"Pink","N Haida Gwaii-Even","SEAK",1970,713316,713316,629830,54.09,-132.14,"NC"
204,"Pink","N Haida Gwaii-Even","SEAK",1972,372717,372717,521552,54.09,-132.14,"NC"
204,"Pink","N Haida Gwaii-Even","SEAK",1974,435976,435976,295904,54.09,-132.14,"NC"
204,"Pink","N Haida Gwaii-Even","SEAK",1976,351773,351773,430632,54.09,-132.14,"NC"
204,"Pink","N Haida Gwaii-Even","SEAK",1978,535336,535336,333926,54.09,-132.14,"NC"
204,"Pink","N Haida Gwaii-Even","SEAK",1980,563470,563470,429222,54.09,-132.14,"NC"
204,"Pink","N Haida Gwaii-Even","SEAK",1982,2529414,2529414,545373,54.09,-132.14,"NC"
204,"Pink","N Haida Gwaii-Even","SEAK",1984,2108245,2108245,1848423,54.09,-132.14,"NC"
204,"Pink","N Haida Gwaii-Even","SEAK",1986,1033016,1033016,1241513,54.09,-132.14,"NC"
204,"Pink","N Haida Gwaii-Even","SEAK",1988,3483143,3483143,847675,54.09,-132.14,"NC"
204,"Pink","N Haida Gwaii-Even","SEAK",1990,1928340,1928340,2113319,54.09,-132.14,"NC"
204,"Pink","N Haida Gwaii-Even","SEAK",1992,1038130,1038130,1483057,54.09,-132.14,"NC"
204,"Pink","N Haida Gwaii-Even","SEAK",1994,4925891,4925891,961015,54.09,-132.14,"NC"
204,"Pink","N Haida Gwaii-Even","SEAK",1996,1201654,1201654,4417164,54.09,-132.14,"NC"
204,"Pink","N Haida Gwaii-Even","SEAK",1998,737354,737354,1132489,54.09,-132.14,"NC"
204,"Pink","N Haida Gwaii-Even","SEAK",2000,1504019,1504019,736793,54.09,-132.14,"NC"
204,"Pink","N Haida Gwaii-Even","SEAK",2002,305669,305669,1504019,54.09,-132.14,"NC"
204,"Pink","N Haida Gwaii-Even","SEAK",2004,375987,375987,305669,54.09,-132.14,"NC"
204,"Pink","N Haida Gwaii-Even","SEAK",2006,916824,916824,375914,54.09,-132.14,"NC"
204,"Pink","N Haida Gwaii-Even","SEAK",2008,1991804,1991804,916824,54.09,-132.14,"NC"
204,"Pink","N Haida Gwaii-Even","SEAK",2010,276306,276306,1803804,54.09,-132.14,"NC"
204,"Pink","N Haida Gwaii-Even","SEAK",2018,1559698,1559698,1114194,54.09,-132.14,"NC"
161,"Pink","S Southeast Alaska-Even","SEAK",1960,18018178,18018178,1645697.5,55.71556,-131.8714,"NC"
161,"Pink","S Southeast Alaska-Even","SEAK",1962,18498952,18498952,7277750,55.71556,-131.8714,"NC"
161,"Pink","S Southeast Alaska-Even","SEAK",1964,24066917.5,24066917.5,7241005,55.71556,-131.8714,"NC"
161,"Pink","S Southeast Alaska-Even","SEAK",1966,22660571,22660571,8505362.5,55.71556,-131.8714,"NC"
161,"Pink","S Southeast Alaska-Even","SEAK",1968,11799014,11799014,7466695,55.71556,-131.8714,"NC"
161,"Pink","S Southeast Alaska-Even","SEAK",1970,15278597.5,15278597.5,6428255,55.71556,-131.8714,"NC"
161,"Pink","S Southeast Alaska-Even","SEAK",1972,9844297.5,9844297.5,6125952.5,55.71556,-131.8714,"NC"
161,"Pink","S Southeast Alaska-Even","SEAK",1974,13648641,13648641,5623492.5,55.71556,-131.8714,"NC"
161,"Pink","S Southeast Alaska-Even","SEAK",1976,28963338,28963338,8486705,55.71556,-131.8714,"NC"
161,"Pink","S Southeast Alaska-Even","SEAK",1978,25022308,25022308,10538360,55.71556,-131.8714,"NC"
161,"Pink","S Southeast Alaska-Even","SEAK",1980,23055869.5,23055869.5,12098035,55.71556,-131.8714,"NC"
161,"Pink","S Southeast Alaska-Even","SEAK",1982,38863370,38863370,10094797.5,55.71556,-131.8714,"NC"
161,"Pink","S Southeast Alaska-Even","SEAK",1984,73580617,73580617,19186855,55.71556,-131.8714,"NC"
161,"Pink","S Southeast Alaska-Even","SEAK",1986,17230951.5,17230951.5,28561160,55.71556,-131.8714,"NC"
161,"Pink","S Southeast Alaska-Even","SEAK",1988,39534644.5,39534644.5,8176162.5,55.71556,-131.8714,"NC"
161,"Pink","S Southeast Alaska-Even","SEAK",1990,32723773.5,32723773.5,12851392.5,55.71556,-131.8714,"NC"
161,"Pink","S Southeast Alaska-Even","SEAK",1992,34227825,34227825,13714197.5,55.71556,-131.8714,"NC"
161,"Pink","S Southeast Alaska-Even","SEAK",1994,83426595.5,83426595.5,13167560,55.71556,-131.8714,"NC"
161,"Pink","S Southeast Alaska-Even","SEAK",1996,41128807.5,41128807.5,29750272.5,55.71556,-131.8714,"NC"
161,"Pink","S Southeast Alaska-Even","SEAK",1998,25882719.5,25882719.5,17380042.5,55.71556,-131.8714,"NC"
161,"Pink","S Southeast Alaska-Even","SEAK",2000,45432341,45432341,13505942.5,55.71556,-131.8714,"NC"
161,"Pink","S Southeast Alaska-Even","SEAK",2002,41564106,41564106,22113080,55.71556,-131.8714,"NC"
161,"Pink","S Southeast Alaska-Even","SEAK",2004,14086079.5,14086079.5,20639850,55.71556,-131.8714,"NC"
161,"Pink","S Southeast Alaska-Even","SEAK",2006,29374171.5,29374171.5,10818897.5,55.71556,-131.8714,"NC"
161,"Pink","S Southeast Alaska-Even","SEAK",2008,28551619.5,28551619.5,15735922.5,55.71556,-131.8714,"NC"
161,"Pink","S Southeast Alaska-Even","SEAK",2010,34759613,34759613,14856927.5,55.71556,-131.8714,"NC"
161,"Pink","S Southeast Alaska-Even","SEAK",2012,57328413.5,57328413.5,16173400,55.71556,-131.8714,"NC"
161,"Pink","S Southeast Alaska-Even","SEAK",2014,32767718,32767718,24113942.5,55.71556,-131.8714,"NC"
161,"Pink","S Southeast Alaska-Even","SEAK",2016,17568846.5,17568846.5,16497770,55.71556,-131.8714,"NC"
161,"Pink","S Southeast Alaska-Even","SEAK",2018,20411052.5,20411052.5,12170842.5,55.71556,-131.8714,"NC"
161,"Pink","S Southeast Alaska-Even","SEAK",2020,28709119,28709119,14160287.5,55.71556,-131.8714,"NC"
162,"Pink","S Southeast Alaska-Odd","SEAK",1961,11375279,11375279,3051815,55.71556,-131.8714,"NC"
162,"Pink","S Southeast Alaska-Odd","SEAK",1963,11499633,11499633,6239135,55.71556,-131.8714,"NC"
162,"Pink","S Southeast Alaska-Odd","SEAK",1965,4335652.5,4335652.5,5789175,55.71556,-131.8714,"NC"
162,"Pink","S Southeast Alaska-Odd","SEAK",1967,5491592.5,5491592.5,3694112.5,55.71556,-131.8714,"NC"
162,"Pink","S Southeast Alaska-Odd","SEAK",1969,13509161.5,13509161.5,4292452.5,55.71556,-131.8714,"NC"
162,"Pink","S Southeast Alaska-Odd","SEAK",1971,10606552.5,10606552.5,7249917.5,55.71556,-131.8714,"NC"
162,"Pink","S Southeast Alaska-Odd","SEAK",1973,11491834.5,11491834.5,6048047.5,55.71556,-131.8714,"NC"
162,"Pink","S Southeast Alaska-Odd","SEAK",1975,23897760.5,23897760.5,8158852.5,55.71556,-131.8714,"NC"
162,"Pink","S Southeast Alaska-Odd","SEAK",1977,15575736,15575736,12599507.5,55.71556,-131.8714,"NC"
162,"Pink","S Southeast Alaska-Odd","SEAK",1979,25227801.5,25227801.5,8585955,55.71556,-131.8714,"NC"
162,"Pink","S Southeast Alaska-Odd","SEAK",1981,47769994.5,47769994.5,11702867.5,55.71556,-131.8714,"NC"
162,"Pink","S Southeast Alaska-Odd","SEAK",1983,55599110,55599110,16308112.5,55.71556,-131.8714,"NC"
162,"Pink","S Southeast Alaska-Odd","SEAK",1985,15904991.5,15904991.5,24886955,55.71556,-131.8714,"NC"
162,"Pink","S Southeast Alaska-Odd","SEAK",1987,64093612.5,64093612.5,11273662.5,55.71556,-131.8714,"NC"
162,"Pink","S Southeast Alaska-Odd","SEAK",1989,57573642.5,57573642.5,18330132.5,55.71556,-131.8714,"NC"
162,"Pink","S Southeast Alaska-Odd","SEAK",1991,55400183.5,55400183.5,14076367.5,55.71556,-131.8714,"NC"
162,"Pink","S Southeast Alaska-Odd","SEAK",1993,60780765,60780765,16181232.5,55.71556,-131.8714,"NC"
162,"Pink","S Southeast Alaska-Odd","SEAK",1995,30225545,30225545,19465300,55.71556,-131.8714,"NC"
162,"Pink","S Southeast Alaska-Odd","SEAK",1997,67046610,67046610,14927440,55.71556,-131.8714,"NC"
162,"Pink","S Southeast Alaska-Odd","SEAK",1999,79477237.5,79477237.5,28189610,55.71556,-131.8714,"NC"
162,"Pink","S Southeast Alaska-Odd","SEAK",2001,53720969.5,53720969.5,27465697.5,55.71556,-131.8714,"NC"
162,"Pink","S Southeast Alaska-Odd","SEAK",2003,52353478.5,52353478.5,24443422.5,55.71556,-131.8714,"NC"
162,"Pink","S Southeast Alaska-Odd","SEAK",2005,58255286,58255286,23489197.5,55.71556,-131.8714,"NC"
162,"Pink","S Southeast Alaska-Odd","SEAK",2007,44429724,44429724,26478430,55.71556,-131.8714,"NC"
162,"Pink","S Southeast Alaska-Odd","SEAK",2009,24951347.5,24951347.5,18004420,55.71556,-131.8714,"NC"
162,"Pink","S Southeast Alaska-Odd","SEAK",2011,89582792,89582792,13744262.5,55.71556,-131.8714,"NC"
162,"Pink","S Southeast Alaska-Odd","SEAK",2013,23207578.5,23207578.5,36119565,55.71556,-131.8714,"NC"
162,"Pink","S Southeast Alaska-Odd","SEAK",2015,25386238.5,25386238.5,10739137.5,55.71556,-131.8714,"NC"
162,"Pink","S Southeast Alaska-Odd","SEAK",2017,32110449,32110449,15971112.5,55.71556,-131.8714,"NC"
162,"Pink","S Southeast Alaska-Odd","SEAK",2019,62668696.5,62668696.5,14071900,55.71556,-131.8714,"NC"
163,"Pink","N Southeast Alaska Outside-Even","SEAK",1960,399494,399494,344205,57.17694,-135.7869,"NC"
163,"Pink","N Southeast Alaska Outside-Even","SEAK",1962,404448.5,404448.5,334630,57.17694,-135.7869,"NC"
163,"Pink","N Southeast Alaska Outside-Even","SEAK",1964,159136,159136,328802.5,57.17694,-135.7869,"NC"
163,"Pink","N Southeast Alaska Outside-Even","SEAK",1966,111655,111655,130035,57.17694,-135.7869,"NC"
163,"Pink","N Southeast Alaska Outside-Even","SEAK",1968,213220,213220,51895,57.17694,-135.7869,"NC"
163,"Pink","N Southeast Alaska Outside-Even","SEAK",1970,356041.5,356041.5,145265,57.17694,-135.7869,"NC"
163,"Pink","N Southeast Alaska Outside-Even","SEAK",1972,532618.5,532618.5,306307.5,57.17694,-135.7869,"NC"
163,"Pink","N Southeast Alaska Outside-Even","SEAK",1974,758496,758496,470397.5,57.17694,-135.7869,"NC"
163,"Pink","N Southeast Alaska Outside-Even","SEAK",1976,956662,956662,652855,57.17694,-135.7869,"NC"
163,"Pink","N Southeast Alaska Outside-Even","SEAK",1978,639867,639867,794675,57.17694,-135.7869,"NC"
163,"Pink","N Southeast Alaska Outside-Even","SEAK",1980,2033582,2033582,530225,57.17694,-135.7869,"NC"
163,"Pink","N Southeast Alaska Outside-Even","SEAK",1982,3397863.5,3397863.5,1530970,57.17694,-135.7869,"NC"
163,"Pink","N Southeast Alaska Outside-Even","SEAK",1984,1040061.5,1040061.5,2123057.5,57.17694,-135.7869,"NC"
163,"Pink","N Southeast Alaska Outside-Even","SEAK",1986,484092.5,484092.5,827742.5,57.17694,-135.7869,"NC"
163,"Pink","N Southeast Alaska Outside-Even","SEAK",1988,933788,933788,417487.5,57.17694,-135.7869,"NC"
163,"Pink","N Southeast Alaska Outside-Even","SEAK",1990,1747888.5,1747888.5,745900,57.17694,-135.7869,"NC"
163,"Pink","N Southeast Alaska Outside-Even","SEAK",1992,4296108.5,4296108.5,1315177.5,57.17694,-135.7869,"NC"
163,"Pink","N Southeast Alaska Outside-Even","SEAK",1994,5736248.5,5736248.5,3300272.5,57.17694,-135.7869,"NC"
163,"Pink","N Southeast Alaska Outside-Even","SEAK",1996,11951037,11951037,3878027.5,57.17694,-135.7869,"NC"
163,"Pink","N Southeast Alaska Outside-Even","SEAK",1998,6389978.5,6389978.5,6097485,57.17694,-135.7869,"NC"
163,"Pink","N Southeast Alaska Outside-Even","SEAK",2000,8748618.5,8748618.5,3832782.5,57.17694,-135.7869,"NC"
163,"Pink","N Southeast Alaska Outside-Even","SEAK",2002,7728965,7728965,5741702.5,57.17694,-135.7869,"NC"
163,"Pink","N Southeast Alaska Outside-Even","SEAK",2004,7438618,7438618,5469000,57.17694,-135.7869,"NC"
163,"Pink","N Southeast Alaska Outside-Even","SEAK",2006,6163690.5,6163690.5,4895000,57.17694,-135.7869,"NC"
163,"Pink","N Southeast Alaska Outside-Even","SEAK",2008,8832845,8832845,4325597.5,57.17694,-135.7869,"NC"
163,"Pink","N Southeast Alaska Outside-Even","SEAK",2010,7755054.5,7755054.5,5023750,57.17694,-135.7869,"NC"
163,"Pink","N Southeast Alaska Outside-Even","SEAK",2012,9874553,9874553,6174197.5,57.17694,-135.7869,"NC"
163,"Pink","N Southeast Alaska Outside-Even","SEAK",2014,5892479.5,5892479.5,6865000,57.17694,-135.7869,"NC"
163,"Pink","N Southeast Alaska Outside-Even","SEAK",2016,6648956,6648956,4250592.5,57.17694,-135.7869,"NC"
163,"Pink","N Southeast Alaska Outside-Even","SEAK",2018,5128848.5,5128848.5,4756250,57.17694,-135.7869,"NC"
163,"Pink","N Southeast Alaska Outside-Even","SEAK",2020,4078363,4078363,4462907.5,57.17694,-135.7869,"NC"
164,"Pink","N Southeast Alaska Outside-Odd","SEAK",1961,3349217,3349217,875087.5,57.17694,-135.7869,"NC"
164,"Pink","N Southeast Alaska Outside-Odd","SEAK",1963,1566841.5,1566841.5,2049505,57.17694,-135.7869,"NC"
164,"Pink","N Southeast Alaska Outside-Odd","SEAK",1965,626929.5,626929.5,948287.5,57.17694,-135.7869,"NC"
164,"Pink","N Southeast Alaska Outside-Odd","SEAK",1967,1189566,1189566,500072.5,57.17694,-135.7869,"NC"
164,"Pink","N Southeast Alaska Outside-Odd","SEAK",1969,665671,665671,1052220,57.17694,-135.7869,"NC"
164,"Pink","N Southeast Alaska Outside-Odd","SEAK",1971,1150366.5,1150366.5,573925,57.17694,-135.7869,"NC"
164,"Pink","N Southeast Alaska Outside-Odd","SEAK",1973,1826655.5,1826655.5,891607.5,57.17694,-135.7869,"NC"
164,"Pink","N Southeast Alaska Outside-Odd","SEAK",1975,6468893.5,6468893.5,1260847.5,57.17694,-135.7869,"NC"
164,"Pink","N Southeast Alaska Outside-Odd","SEAK",1977,5872271.5,5872271.5,4270717.5,57.17694,-135.7869,"NC"
164,"Pink","N Southeast Alaska Outside-Odd","SEAK",1979,6424193,6424193,4060197.5,57.17694,-135.7869,"NC"
164,"Pink","N Southeast Alaska Outside-Odd","SEAK",1981,5645862.5,5645862.5,3676025,57.17694,-135.7869,"NC"
164,"Pink","N Southeast Alaska Outside-Odd","SEAK",1983,10032670,10032670,3089277.5,57.17694,-135.7869,"NC"
164,"Pink","N Southeast Alaska Outside-Odd","SEAK",1985,1483886,1483886,4401620,57.17694,-135.7869,"NC"
164,"Pink","N Southeast Alaska Outside-Odd","SEAK",1987,2014203.5,2014203.5,1055085,57.17694,-135.7869,"NC"
164,"Pink","N Southeast Alaska Outside-Odd","SEAK",1989,2178632,2178632,1103322.5,57.17694,-135.7869,"NC"
164,"Pink","N Southeast Alaska Outside-Odd","SEAK",1991,2128692.5,2128692.5,1804080,57.17694,-135.7869,"NC"
164,"Pink","N Southeast Alaska Outside-Odd","SEAK",1993,5134409.5,5134409.5,1071387.5,57.17694,-135.7869,"NC"
164,"Pink","N Southeast Alaska Outside-Odd","SEAK",1995,9947565,9947565,3379847.5,57.17694,-135.7869,"NC"
164,"Pink","N Southeast Alaska Outside-Odd","SEAK",1997,17653762.5,17653762.5,7189815,57.17694,-135.7869,"NC"
164,"Pink","N Southeast Alaska Outside-Odd","SEAK",1999,7936232,7936232,15010427.5,57.17694,-135.7869,"NC"
164,"Pink","N Southeast Alaska Outside-Odd","SEAK",2001,10655910,10655910,5932160,57.17694,-135.7869,"NC"
164,"Pink","N Southeast Alaska Outside-Odd","SEAK",2003,14609015,14609015,8764025,57.17694,-135.7869,"NC"
164,"Pink","N Southeast Alaska Outside-Odd","SEAK",2005,10038371,10038371,9587990,57.17694,-135.7869,"NC"
164,"Pink","N Southeast Alaska Outside-Odd","SEAK",2007,5912584,5912584,5765000,57.17694,-135.7869,"NC"
164,"Pink","N Southeast Alaska Outside-Odd","SEAK",2009,13953096.5,13953096.5,4542700,57.17694,-135.7869,"NC"
164,"Pink","N Southeast Alaska Outside-Odd","SEAK",2011,24510114,24510114,6835462.5,57.17694,-135.7869,"NC"
164,"Pink","N Southeast Alaska Outside-Odd","SEAK",2013,13641419,13641419,13342500,57.17694,-135.7869,"NC"
164,"Pink","N Southeast Alaska Outside-Odd","SEAK",2015,15274244,15274244,7100000,57.17694,-135.7869,"NC"
164,"Pink","N Southeast Alaska Outside-Odd","SEAK",2017,5154067,5154067,7100000,57.17694,-135.7869,"NC"
164,"Pink","N Southeast Alaska Outside-Odd","SEAK",2019,7282487,7282487,3828750,57.17694,-135.7869,"NC"
165,"Pink","N Southeast Alaska Inside-Even","SEAK",1960,3992860,3992860,2583020,57.57528,-134.7503,"NC"
165,"Pink","N Southeast Alaska Inside-Even","SEAK",1962,11392450.5,11392450.5,3568425,57.57528,-134.7503,"NC"
165,"Pink","N Southeast Alaska Inside-Even","SEAK",1964,10493756,10493756,4185822.5,57.57528,-134.7503,"NC"
165,"Pink","N Southeast Alaska Inside-Even","SEAK",1966,16086508,16086508,5734900,57.57528,-134.7503,"NC"
165,"Pink","N Southeast Alaska Inside-Even","SEAK",1968,10250289.5,10250289.5,6264590,57.57528,-134.7503,"NC"
165,"Pink","N Southeast Alaska Inside-Even","SEAK",1970,8612151.5,8612151.5,5073757.5,57.57528,-134.7503,"NC"
165,"Pink","N Southeast Alaska Inside-Even","SEAK",1972,3792081.5,3792081.5,5424437.5,57.57528,-134.7503,"NC"
165,"Pink","N Southeast Alaska Inside-Even","SEAK",1974,1789825.5,1789825.5,3190347.5,57.57528,-134.7503,"NC"
165,"Pink","N Southeast Alaska Inside-Even","SEAK",1976,7258726.5,7258726.5,1751792.5,57.57528,-134.7503,"NC"
165,"Pink","N Southeast Alaska Inside-Even","SEAK",1978,5346887.5,5346887.5,4638797.5,57.57528,-134.7503,"NC"
165,"Pink","N Southeast Alaska Inside-Even","SEAK",1980,16905742,16905742,4024252.5,57.57528,-134.7503,"NC"
165,"Pink","N Southeast Alaska Inside-Even","SEAK",1982,9158969.5,9158969.5,6136870,57.57528,-134.7503,"NC"
165,"Pink","N Southeast Alaska Inside-Even","SEAK",1984,5386122.5,5386122.5,5425692.5,57.57528,-134.7503,"NC"
165,"Pink","N Southeast Alaska Inside-Even","SEAK",1986,6599175,6599175,4454837.5,57.57528,-134.7503,"NC"
165,"Pink","N Southeast Alaska Inside-Even","SEAK",1988,12401213.5,12401213.5,4635070,57.57528,-134.7503,"NC"
165,"Pink","N Southeast Alaska Inside-Even","SEAK",1990,25095579,25095579,6962582.5,57.57528,-134.7503,"NC"
165,"Pink","N Southeast Alaska Inside-Even","SEAK",1992,51158638.5,51158638.5,9595585,57.57528,-134.7503,"NC"
165,"Pink","N Southeast Alaska Inside-Even","SEAK",1994,20660790.5,20660790.5,15953572.5,57.57528,-134.7503,"NC"
165,"Pink","N Southeast Alaska Inside-Even","SEAK",1996,24989592,24989592,11597542.5,57.57528,-134.7503,"NC"
165,"Pink","N Southeast Alaska Inside-Even","SEAK",1998,14723841.5,14723841.5,12143160,57.57528,-134.7503,"NC"
165,"Pink","N Southeast Alaska Inside-Even","SEAK",2000,32508616.5,32508616.5,9408837.5,57.57528,-134.7503,"NC"
165,"Pink","N Southeast Alaska Inside-Even","SEAK",2002,35020603,35020603,13519392.5,57.57528,-134.7503,"NC"
165,"Pink","N Southeast Alaska Inside-Even","SEAK",2004,15568345,15568345,12895080,57.57528,-134.7503,"NC"
165,"Pink","N Southeast Alaska Inside-Even","SEAK",2006,4082274.5,4082274.5,9772645,57.57528,-134.7503,"NC"
165,"Pink","N Southeast Alaska Inside-Even","SEAK",2008,14594099,14594099,3649692.5,57.57528,-134.7503,"NC"
165,"Pink","N Southeast Alaska Inside-Even","SEAK",2010,6325041.5,6325041.5,7956215,57.57528,-134.7503,"NC"
165,"Pink","N Southeast Alaska Inside-Even","SEAK",2012,4381206,4381206,5215137.5,57.57528,-134.7503,"NC"
165,"Pink","N Southeast Alaska Inside-Even","SEAK",2014,4906400,4906400,3431365,57.57528,-134.7503,"NC"
165,"Pink","N Southeast Alaska Inside-Even","SEAK",2016,4213840,4213840,4444035,57.57528,-134.7503,"NC"
165,"Pink","N Southeast Alaska Inside-Even","SEAK",2018,6858788,6858788,3436850,57.57528,-134.7503,"NC"
165,"Pink","N Southeast Alaska Inside-Even","SEAK",2020,10593966,10593966,5712505,57.57528,-134.7503,"NC"
166,"Pink","N Southeast Alaska Inside-Odd","SEAK",1961,19817391.5,19817391.5,5080937.5,57.57528,-134.7503,"NC"
166,"Pink","N Southeast Alaska Inside-Odd","SEAK",1963,8895533,8895533,7216002.5,57.57528,-134.7503,"NC"
166,"Pink","N Southeast Alaska Inside-Odd","SEAK",1965,4652519,4652519,4349850,57.57528,-134.7503,"NC"
166,"Pink","N Southeast Alaska Inside-Odd","SEAK",1967,6990350.5,6990350.5,2344105,57.57528,-134.7503,"NC"
166,"Pink","N Southeast Alaska Inside-Odd","SEAK",1969,8495051,8495051,3518827.5,57.57528,-134.7503,"NC"
166,"Pink","N Southeast Alaska Inside-Odd","SEAK",1971,5139530.5,5139530.5,5571785,57.57528,-134.7503,"NC"
166,"Pink","N Southeast Alaska Inside-Odd","SEAK",1973,1519038,1519038,3514997.5,57.57528,-134.7503,"NC"
166,"Pink","N Southeast Alaska Inside-Odd","SEAK",1975,4361038,4361038,1468105,57.57528,-134.7503,"NC"
166,"Pink","N Southeast Alaska Inside-Odd","SEAK",1977,8459854,8459854,4030935,57.57528,-134.7503,"NC"
166,"Pink","N Southeast Alaska Inside-Odd","SEAK",1979,7040838,7040838,6439570,57.57528,-134.7503,"NC"
166,"Pink","N Southeast Alaska Inside-Odd","SEAK",1981,8712904,8712904,4413365,57.57528,-134.7503,"NC"
166,"Pink","N Southeast Alaska Inside-Odd","SEAK",1983,26286087,26286087,5211760,57.57528,-134.7503,"NC"
166,"Pink","N Southeast Alaska Inside-Odd","SEAK",1985,12069622.5,12069622.5,10695640,57.57528,-134.7503,"NC"
166,"Pink","N Southeast Alaska Inside-Odd","SEAK",1987,20040981.5,20040981.5,6863337.5,57.57528,-134.7503,"NC"
166,"Pink","N Southeast Alaska Inside-Odd","SEAK",1989,27106517.5,27106517.5,7315862.5,57.57528,-134.7503,"NC"
166,"Pink","N Southeast Alaska Inside-Odd","SEAK",1991,26335067,26335067,9057182.5,57.57528,-134.7503,"NC"
166,"Pink","N Southeast Alaska Inside-Odd","SEAK",1993,12676186.5,12676186.5,9325460,57.57528,-134.7503,"NC"
166,"Pink","N Southeast Alaska Inside-Odd","SEAK",1995,25410215,25410215,7835727.5,57.57528,-134.7503,"NC"
166,"Pink","N Southeast Alaska Inside-Odd","SEAK",1997,61107592.5,61107592.5,14585400,57.57528,-134.7503,"NC"
166,"Pink","N Southeast Alaska Inside-Odd","SEAK",1999,26026036,26026036,24789822.5,57.57528,-134.7503,"NC"
166,"Pink","N Southeast Alaska Inside-Odd","SEAK",2001,37758050.5,37758050.5,13017995,57.57528,-134.7503,"NC"
166,"Pink","N Southeast Alaska Inside-Odd","SEAK",2003,41711053.5,41711053.5,16460747.5,57.57528,-134.7503,"NC"
166,"Pink","N Southeast Alaska Inside-Odd","SEAK",2005,20457741,20457741,16474872.5,57.57528,-134.7503,"NC"
166,"Pink","N Southeast Alaska Inside-Odd","SEAK",2007,19248129,19248129,11711570,57.57528,-134.7503,"NC"
166,"Pink","N Southeast Alaska Inside-Odd","SEAK",2009,55424812.5,55424812.5,9018960,57.57528,-134.7503,"NC"
166,"Pink","N Southeast Alaska Inside-Odd","SEAK",2011,43509411,43509411,14867477.5,57.57528,-134.7503,"NC"
166,"Pink","N Southeast Alaska Inside-Odd","SEAK",2013,29099878,29099878,13420840,57.57528,-134.7503,"NC"
166,"Pink","N Southeast Alaska Inside-Odd","SEAK",2015,28780103,28780103,13017170,57.57528,-134.7503,"NC"
166,"Pink","N Southeast Alaska Inside-Odd","SEAK",2017,5901844,5901844,11635105,57.57528,-134.7503,"NC"
166,"Pink","N Southeast Alaska Inside-Odd","SEAK",2019,17740136,17740136,4123800,57.57528,-134.7503,"NC"
194,"Pink","Auke Creek-Even","SEAK",1978,9232,9232,18875,58.376,-134.65,"NC"
194,"Pink","Auke Creek-Even","SEAK",1980,4437,4437,9232,58.376,-134.65,"NC"
194,"Pink","Auke Creek-Even","SEAK",1982,2007,2007,4437,58.376,-134.65,"NC"
194,"Pink","Auke Creek-Even","SEAK",1984,6787,6787,2007,58.376,-134.65,"NC"
194,"Pink","Auke Creek-Even","SEAK",1986,19589,19589,6787,58.376,-134.65,"NC"
194,"Pink","Auke Creek-Even","SEAK",1988,21319,21319,19589,58.376,-134.65,"NC"
194,"Pink","Auke Creek-Even","SEAK",1990,21312,21312,21319,58.376,-134.65,"NC"
194,"Pink","Auke Creek-Even","SEAK",1992,3858,3858,21312,58.376,-134.65,"NC"
194,"Pink","Auke Creek-Even","SEAK",1994,2267,2267,3858,58.376,-134.65,"NC"
194,"Pink","Auke Creek-Even","SEAK",1996,2180,2180,2267,58.376,-134.65,"NC"
194,"Pink","Auke Creek-Even","SEAK",1998,4923,4923,2180,58.376,-134.65,"NC"
194,"Pink","Auke Creek-Even","SEAK",2000,6798,6798,4923,58.376,-134.65,"NC"
194,"Pink","Auke Creek-Even","SEAK",2002,12895,12895,6798,58.376,-134.65,"NC"
194,"Pink","Auke Creek-Even","SEAK",2004,3133,3133,12895,58.376,-134.65,"NC"
194,"Pink","Auke Creek-Even","SEAK",2006,5835,5835,3133,58.376,-134.65,"NC"
194,"Pink","Auke Creek-Even","SEAK",2008,5890,5890,5835,58.376,-134.65,"NC"
194,"Pink","Auke Creek-Even","SEAK",2010,584,584,5890,58.376,-134.65,"NC"
194,"Pink","Auke Creek-Even","SEAK",2012,667,667,584,58.376,-134.65,"NC"
194,"Pink","Auke Creek-Even","SEAK",2014,351,351,667,58.376,-134.65,"NC"
194,"Pink","Auke Creek-Even","SEAK",2016,1304,1304,351,58.376,-134.65,"NC"
195,"Pink","Auke Creek-Odd","SEAK",1979,21563,21563,12047,58.376,-134.65,"NC"
195,"Pink","Auke Creek-Odd","SEAK",1981,24118,24118,21563,58.376,-134.65,"NC"
195,"Pink","Auke Creek-Odd","SEAK",1983,6922,6922,24118,58.376,-134.65,"NC"
195,"Pink","Auke Creek-Odd","SEAK",1985,4299,4299,6922,58.376,-134.65,"NC"
195,"Pink","Auke Creek-Odd","SEAK",1987,5566,5566,4299,58.376,-134.65,"NC"
195,"Pink","Auke Creek-Odd","SEAK",1989,1637,1637,5566,58.376,-134.65,"NC"
195,"Pink","Auke Creek-Odd","SEAK",1991,1548,1548,1637,58.376,-134.65,"NC"
195,"Pink","Auke Creek-Odd","SEAK",1993,2666,2666,1548,58.376,-134.65,"NC"
195,"Pink","Auke Creek-Odd","SEAK",1995,28127,28127,2666,58.376,-134.65,"NC"
195,"Pink","Auke Creek-Odd","SEAK",1997,7857,7857,28127,58.376,-134.65,"NC"
195,"Pink","Auke Creek-Odd","SEAK",1999,10576,10576,7857,58.376,-134.65,"NC"
195,"Pink","Auke Creek-Odd","SEAK",2001,10004,10004,10576,58.376,-134.65,"NC"
195,"Pink","Auke Creek-Odd","SEAK",2003,2930,2930,10004,58.376,-134.65,"NC"
195,"Pink","Auke Creek-Odd","SEAK",2005,8698,8698,2930,58.376,-134.65,"NC"
195,"Pink","Auke Creek-Odd","SEAK",2007,26995,26995,8698,58.376,-134.65,"NC"
195,"Pink","Auke Creek-Odd","SEAK",2009,9211,9211,26995,58.376,-134.65,"NC"
195,"Pink","Auke Creek-Odd","SEAK",2011,25235,25235,9211,58.376,-134.65,"NC"
195,"Pink","Auke Creek-Odd","SEAK",2013,10711,10711,25235,58.376,-134.65,"NC"
195,"Pink","Auke Creek-Odd","SEAK",2015,2094,2094,10711,58.376,-134.65,"NC"
171,"Pink","Prince William Sound-Even","GOA",1960,12527895,12527895,3872483,60.5,-147,"GoA"
171,"Pink","Prince William Sound-Even","GOA",1962,9486942,9486942,5785579,60.5,-147,"GoA"
171,"Pink","Prince William Sound-Even","GOA",1964,6779607,6779607,5280046,60.5,-147,"GoA"
171,"Pink","Prince William Sound-Even","GOA",1966,5767850,5767850,4080189,60.5,-147,"GoA"
171,"Pink","Prince William Sound-Even","GOA",1968,5617393,5617393,3315682,60.5,-147,"GoA"
171,"Pink","Prince William Sound-Even","GOA",1970,1893028,1893028,2807397,60.5,-147,"GoA"
171,"Pink","Prince William Sound-Even","GOA",1972,2801687,2801687,1838245,60.5,-147,"GoA"
171,"Pink","Prince William Sound-Even","GOA",1974,2490854,2490854,2746904,60.5,-147,"GoA"
171,"Pink","Prince William Sound-Even","GOA",1976,5335368,5335368,2042081,60.5,-147,"GoA"
171,"Pink","Prince William Sound-Even","GOA",1978,16058329,16058329,2165671,60.5,-147,"GoA"
171,"Pink","Prince William Sound-Even","GOA",1980,20246569,20246569,3139455,60.5,-147,"GoA"
171,"Pink","Prince William Sound-Even","GOA",1982,27866302,27866302,5301370,60.5,-147,"GoA"
171,"Pink","Prince William Sound-Even","GOA",1984,7404669,7404669,10234627,60.5,-147,"GoA"
171,"Pink","Prince William Sound-Even","GOA",1986,3580072,3580072,2826646,60.5,-147,"GoA"
171,"Pink","Prince William Sound-Even","GOA",1988,15231063,15231063,2784300,60.5,-147,"GoA"
171,"Pink","Prince William Sound-Even","GOA",1990,2418285,2418285,3543306,60.5,-147,"GoA"
171,"Pink","Prince William Sound-Even","GOA",1992,7297728,7297728,1555439,60.5,-147,"GoA"
171,"Pink","Prince William Sound-Even","GOA",1994,7269432,7269432,4040370,60.5,-147,"GoA"
171,"Pink","Prince William Sound-Even","GOA",1996,7925572,7925572,4252683,60.5,-147,"GoA"
171,"Pink","Prince William Sound-Even","GOA",1998,10487301,10487301,4071402,60.5,-147,"GoA"
171,"Pink","Prince William Sound-Even","GOA",2000,3025531,3025531,4756388,60.5,-147,"GoA"
171,"Pink","Prince William Sound-Even","GOA",2002,8675473,8675473,2704062,60.5,-147,"GoA"
171,"Pink","Prince William Sound-Even","GOA",2004,5537897,5537897,5737165,60.5,-147,"GoA"
171,"Pink","Prince William Sound-Even","GOA",2006,3900803,3900803,3413995,60.5,-147,"GoA"
171,"Pink","Prince William Sound-Even","GOA",2008,8134097,8134097,2472530,60.5,-147,"GoA"
171,"Pink","Prince William Sound-Even","GOA",2010,6529904,6529904,5735115,60.5,-147,"GoA"
171,"Pink","Prince William Sound-Even","GOA",2012,4219081,4219081,3227329,60.5,-147,"GoA"
171,"Pink","Prince William Sound-Even","GOA",2014,5985591,5985591,2329060,60.5,-147,"GoA"
171,"Pink","Prince William Sound-Even","GOA",2016,8550356,8550356,3803139,60.5,-147,"GoA"
172,"Pink","Prince William Sound-Odd","GOA",1961,9182247,9182247,6304415,60.5,-147,"GoA"
172,"Pink","Prince William Sound-Odd","GOA",1963,5258510,5258510,3886869,60.5,-147,"GoA"
172,"Pink","Prince William Sound-Odd","GOA",1965,5041076,5041076,2798039,60.5,-147,"GoA"
172,"Pink","Prince William Sound-Odd","GOA",1967,5988470,5988470,2414736,60.5,-147,"GoA"
172,"Pink","Prince William Sound-Odd","GOA",1969,10500614,10500614,1159891,60.5,-147,"GoA"
172,"Pink","Prince William Sound-Odd","GOA",1971,10823034,10823034,3189650,60.5,-147,"GoA"
172,"Pink","Prince William Sound-Odd","GOA",1973,5685204,5685204,3512070,60.5,-147,"GoA"
172,"Pink","Prince William Sound-Odd","GOA",1975,8649844,8649844,3628326,60.5,-147,"GoA"
172,"Pink","Prince William Sound-Odd","GOA",1977,22753414,22753414,4351110,60.5,-147,"GoA"
172,"Pink","Prince William Sound-Odd","GOA",1979,23613324,23613324,8319888,60.5,-147,"GoA"
172,"Pink","Prince William Sound-Odd","GOA",1981,15307092,15307092,6210777,60.5,-147,"GoA"
172,"Pink","Prince William Sound-Odd","GOA",1983,24321751,24321751,5742850,60.5,-147,"GoA"
172,"Pink","Prince William Sound-Odd","GOA",1985,15628835,15628835,6731643,60.5,-147,"GoA"
172,"Pink","Prince William Sound-Odd","GOA",1987,7046989,7046989,3934108,60.5,-147,"GoA"
172,"Pink","Prince William Sound-Odd","GOA",1989,10766782,10766782,3536915,60.5,-147,"GoA"
172,"Pink","Prince William Sound-Odd","GOA",1991,3532463,3532463,4947798,60.5,-147,"GoA"
172,"Pink","Prince William Sound-Odd","GOA",1993,6156249,6156249,3055161,60.5,-147,"GoA"
172,"Pink","Prince William Sound-Odd","GOA",1995,5244801,5244801,3412225,60.5,-147,"GoA"
172,"Pink","Prince William Sound-Odd","GOA",1997,14003294,14003294,4078807,60.5,-147,"GoA"
172,"Pink","Prince William Sound-Odd","GOA",1999,12589343,12589343,7060958,60.5,-147,"GoA"
172,"Pink","Prince William Sound-Odd","GOA",2001,12659282,12659282,5735052,60.5,-147,"GoA"
172,"Pink","Prince William Sound-Odd","GOA",2003,25874686,25874686,8161502,60.5,-147,"GoA"
172,"Pink","Prince William Sound-Odd","GOA",2005,14344498,14344498,13578314,60.5,-147,"GoA"
172,"Pink","Prince William Sound-Odd","GOA",2007,6240186,6240186,4326643,60.5,-147,"GoA"
172,"Pink","Prince William Sound-Odd","GOA",2009,16975482,16975482,5245478,60.5,-147,"GoA"
172,"Pink","Prince William Sound-Odd","GOA",2011,30710798,30710798,11259802,60.5,-147,"GoA"
172,"Pink","Prince William Sound-Odd","GOA",2013,43162613,43162613,13429584,60.5,-147,"GoA"
172,"Pink","Prince William Sound-Odd","GOA",2015,27098249,27098249,17627357,60.5,-147,"GoA"
172,"Pink","Prince William Sound-Odd","GOA",2017,21107973,21107973,7164925,60.5,-147,"GoA"
179,"Pink","Kodiak-Even","GOA",1978,27587356,27587356,8760500,58.03333,-154.6644,"GoA"
179,"Pink","Kodiak-Even","GOA",1980,17158108,17158108,11322500,58.03333,-154.6644,"GoA"
179,"Pink","Kodiak-Even","GOA",1982,18346429,18346429,9397500,58.03333,-154.6644,"GoA"
179,"Pink","Kodiak-Even","GOA",1984,18651799,18651799,7910000,58.03333,-154.6644,"GoA"
179,"Pink","Kodiak-Even","GOA",1986,21529241,21529241,7189000,58.03333,-154.6644,"GoA"
179,"Pink","Kodiak-Even","GOA",1988,15904561.5,15904561.5,7710500,58.03333,-154.6644,"GoA"
179,"Pink","Kodiak-Even","GOA",1990,8601130,8601130,10544425.5,58.03333,-154.6644,"GoA"
179,"Pink","Kodiak-Even","GOA",1992,13075758.25,13075758.25,6152888,58.03333,-154.6644,"GoA"
179,"Pink","Kodiak-Even","GOA",1994,8371807.75,8371807.75,6989463.25,58.03333,-154.6644,"GoA"
179,"Pink","Kodiak-Even","GOA",1996,28186622.25,28186622.25,5864020.75,58.03333,-154.6644,"GoA"
179,"Pink","Kodiak-Even","GOA",1998,14118492.25,14118492.25,12405286.25,58.03333,-154.6644,"GoA"
179,"Pink","Kodiak-Even","GOA",2000,26281139.75,26281139.75,7867046.25,58.03333,-154.6644,"GoA"
179,"Pink","Kodiak-Even","GOA",2002,32823705.5,32823705.5,14693351.75,58.03333,-154.6644,"GoA"
179,"Pink","Kodiak-Even","GOA",2004,37798244,37798244,15376406.5,58.03333,-154.6644,"GoA"
179,"Pink","Kodiak-Even","GOA",2006,12202377,12202377,10263001,58.03333,-154.6644,"GoA"
179,"Pink","Kodiak-Even","GOA",2008,11970026,11970026,5532114,58.03333,-154.6644,"GoA"
179,"Pink","Kodiak-Even","GOA",2010,23572828.5,23572828.5,6355699,58.03333,-154.6644,"GoA"
179,"Pink","Kodiak-Even","GOA",2012,10126808,10126808,9667654.5,58.03333,-154.6644,"GoA"
179,"Pink","Kodiak-Even","GOA",2014,5200977.5,5200977.5,5228881,58.03333,-154.6644,"GoA"
179,"Pink","Kodiak-Even","GOA",2016,11783572.5,11783572.5,3088025.5,58.03333,-154.6644,"GoA"
179,"Pink","Kodiak-Even","GOA",2018,36165176.5,36165176.5,9020798.5,58.03333,-154.6644,"GoA"
179,"Pink","Kodiak-Even","GOA",2020,21558610,21558610,19098600.5,58.03333,-154.6644,"GoA"
180,"Pink","Kodiak-Odd","GOA",1979,14854242,14854242,5360250,58.03333,-154.6644,"GoA"
180,"Pink","Kodiak-Odd","GOA",1981,8042049,8042049,5580750,58.03333,-154.6644,"GoA"
180,"Pink","Kodiak-Odd","GOA",1983,9333555,9333555,3657500,58.03333,-154.6644,"GoA"
180,"Pink","Kodiak-Odd","GOA",1985,8318944,8318944,5607000,58.03333,-154.6644,"GoA"
180,"Pink","Kodiak-Odd","GOA",1987,25808525.25,25808525.25,4357500,58.03333,-154.6644,"GoA"
180,"Pink","Kodiak-Odd","GOA",1989,22801308,22801308,25625290.25,58.03333,-154.6644,"GoA"
180,"Pink","Kodiak-Odd","GOA",1991,29269282.75,29269282.75,7556472,58.03333,-154.6644,"GoA"
180,"Pink","Kodiak-Odd","GOA",1993,56638964.25,56638964.25,7510574.75,58.03333,-154.6644,"GoA"
180,"Pink","Kodiak-Odd","GOA",1995,15503762,15503762,18371029.25,58.03333,-154.6644,"GoA"
180,"Pink","Kodiak-Odd","GOA",1997,14980426.75,14980426.75,5692652,58.03333,-154.6644,"GoA"
180,"Pink","Kodiak-Odd","GOA",1999,12380010.5,12380010.5,7143151.75,58.03333,-154.6644,"GoA"
180,"Pink","Kodiak-Odd","GOA",2001,17453625.5,17453625.5,5939608.5,58.03333,-154.6644,"GoA"
180,"Pink","Kodiak-Odd","GOA",2003,23386264,23386264,8920327.5,58.03333,-154.6644,"GoA"
180,"Pink","Kodiak-Odd","GOA",2005,21340782.5,21340782.5,6850564,58.03333,-154.6644,"GoA"
180,"Pink","Kodiak-Odd","GOA",2007,27701238.5,27701238.5,4416436.5,58.03333,-154.6644,"GoA"
180,"Pink","Kodiak-Odd","GOA",2009,19336513,19336513,8991489.5,58.03333,-154.6644,"GoA"
180,"Pink","Kodiak-Odd","GOA",2011,25316830.25,25316830.25,4865364,58.03333,-154.6644,"GoA"
180,"Pink","Kodiak-Odd","GOA",2013,39215048.25,39215048.25,8883684.25,58.03333,-154.6644,"GoA"
180,"Pink","Kodiak-Odd","GOA",2015,35831854,35831854,11145979.25,58.03333,-154.6644,"GoA"
180,"Pink","Kodiak-Odd","GOA",2017,37897940,37897940,10655953,58.03333,-154.6644,"GoA"
180,"Pink","Kodiak-Odd","GOA",2019,24527456,24527456,9787904,58.03333,-154.6644,"GoA"
181,"Pink","Chignik-Even","GOA",1980,1618304,1618304,1233670,56.38528,-158.2261,"GoA"
181,"Pink","Chignik-Even","GOA",1982,1892284,1892284,744920,56.38528,-158.2261,"GoA"
181,"Pink","Chignik-Even","GOA",1984,1654225,1654225,1447480,56.38528,-158.2261,"GoA"
181,"Pink","Chignik-Even","GOA",1986,5412979,5412979,1007100,56.38528,-158.2261,"GoA"
181,"Pink","Chignik-Even","GOA",1988,2181148,2181148,2415820,56.38528,-158.2261,"GoA"
181,"Pink","Chignik-Even","GOA",1990,4069383,4069383,1631140,56.38528,-158.2261,"GoA"
181,"Pink","Chignik-Even","GOA",1992,2433723,2433723,2515310,56.38528,-158.2261,"GoA"
181,"Pink","Chignik-Even","GOA",1994,2471888,2471888,2002660,56.38528,-158.2261,"GoA"
181,"Pink","Chignik-Even","GOA",1996,3337618,3337618,2282820,56.38528,-158.2261,"GoA"
181,"Pink","Chignik-Even","GOA",1998,2051808,2051808,2560630,56.38528,-158.2261,"GoA"
181,"Pink","Chignik-Even","GOA",2000,1731808,1731808,1623744,56.38528,-158.2261,"GoA"
181,"Pink","Chignik-Even","GOA",2002,1662500,1662500,1665758,56.38528,-158.2261,"GoA"
181,"Pink","Chignik-Even","GOA",2004,1096424,1096424,1660120,56.38528,-158.2261,"GoA"
181,"Pink","Chignik-Even","GOA",2006,4071338,4071338,712850,56.38528,-158.2261,"GoA"
181,"Pink","Chignik-Even","GOA",2008,1085081,1085081,1681380,56.38528,-158.2261,"GoA"
181,"Pink","Chignik-Even","GOA",2010,697406,697406,595300,56.38528,-158.2261,"GoA"
181,"Pink","Chignik-Even","GOA",2012,788695,788695,559700,56.38528,-158.2261,"GoA"
181,"Pink","Chignik-Even","GOA",2014,416953,416953,436580,56.38528,-158.2261,"GoA"
181,"Pink","Chignik-Even","GOA",2018,534510,534510,288410,56.38528,-158.2261,"GoA"
181,"Pink","Chignik-Even","GOA",2020,2514282,2514282,534510,56.38528,-158.2261,"GoA"
182,"Pink","Chignik-Odd","GOA",1981,522658,522658,990100,56.38528,-158.2261,"GoA"
182,"Pink","Chignik-Odd","GOA",1983,872408,872408,201480,56.38528,-158.2261,"GoA"
182,"Pink","Chignik-Odd","GOA",1985,822559,822559,712280,56.38528,-158.2261,"GoA"
182,"Pink","Chignik-Odd","GOA",1987,2278514,2278514,575784,56.38528,-158.2261,"GoA"
182,"Pink","Chignik-Odd","GOA",1989,2390248,2390248,2250802,56.38528,-158.2261,"GoA"
182,"Pink","Chignik-Odd","GOA",1991,2709177,2709177,1221000,56.38528,-158.2261,"GoA"
182,"Pink","Chignik-Odd","GOA",1993,6075498,6075498,1060800,56.38528,-158.2261,"GoA"
182,"Pink","Chignik-Odd","GOA",1995,4114331,4114331,4017500,56.38528,-158.2261,"GoA"
182,"Pink","Chignik-Odd","GOA",1997,3375473,3375473,3269900,56.38528,-158.2261,"GoA"
182,"Pink","Chignik-Odd","GOA",1999,4066929,4066929,1676822,56.38528,-158.2261,"GoA"
182,"Pink","Chignik-Odd","GOA",2001,3922248,3922248,2785162,56.38528,-158.2261,"GoA"
182,"Pink","Chignik-Odd","GOA",2003,3022145,3022145,3419610,56.38528,-158.2261,"GoA"
182,"Pink","Chignik-Odd","GOA",2005,4412948,4412948,2828100,56.38528,-158.2261,"GoA"
182,"Pink","Chignik-Odd","GOA",2007,3138519,3138519,2393200,56.38528,-158.2261,"GoA"
182,"Pink","Chignik-Odd","GOA",2009,2331766,2331766,1730180,56.38528,-158.2261,"GoA"
182,"Pink","Chignik-Odd","GOA",2011,1943481,1943481,1426600,56.38528,-158.2261,"GoA"
182,"Pink","Chignik-Odd","GOA",2013,3853031,3853031,1071610,56.38528,-158.2261,"GoA"
182,"Pink","Chignik-Odd","GOA",2015,9544624,9544624,1874820,56.38528,-158.2261,"GoA"
182,"Pink","Chignik-Odd","GOA",2017,4080388,4080388,2466700,56.38528,-158.2261,"GoA"
182,"Pink","Chignik-Odd","GOA",2019,2835454,2835454,1627550,56.38528,-158.2261,"GoA"
183,"Pink","S AKPen-Even","GOA",1962,4859900,4859900,2398200,55,-161,"GoA"
183,"Pink","S AKPen-Even","GOA",1964,1367900,1367900,2154600,55,-161,"GoA"
183,"Pink","S AKPen-Even","GOA",1966,2376050,2376050,1079100,55,-161,"GoA"
183,"Pink","S AKPen-Even","GOA",1968,3578890,3578890,1234950,55,-161,"GoA"
183,"Pink","S AKPen-Even","GOA",1970,227397,227397,1948350,55,-161,"GoA"
183,"Pink","S AKPen-Even","GOA",1972,527201,527201,167100,55,-161,"GoA"
183,"Pink","S AKPen-Even","GOA",1974,4527609,4527609,426600,55,-161,"GoA"
183,"Pink","S AKPen-Even","GOA",1976,9788253,9788253,2184600,55,-161,"GoA"
183,"Pink","S AKPen-Even","GOA",1978,10297564,10297564,4288050,55,-161,"GoA"
183,"Pink","S AKPen-Even","GOA",1980,8455580,8455580,3962400,55,-161,"GoA"
183,"Pink","S AKPen-Even","GOA",1982,17196782,17196782,3439500,55,-161,"GoA"
183,"Pink","S AKPen-Even","GOA",1984,6314548,6314548,6527400,55,-161,"GoA"
183,"Pink","S AKPen-Even","GOA",1986,11124000,11124000,2575050,55,-161,"GoA"
183,"Pink","S AKPen-Even","GOA",1988,4748167,4748167,4259400,55,-161,"GoA"
183,"Pink","S AKPen-Even","GOA",1990,13378550,13378550,2397600,55,-161,"GoA"
183,"Pink","S AKPen-Even","GOA",1992,11264587.5,11264587.5,4251600,55,-161,"GoA"
183,"Pink","S AKPen-Even","GOA",1994,7287683,7287683,4607587.5,55,-161,"GoA"
183,"Pink","S AKPen-Even","GOA",1996,14569625.5,14569625.5,5471325,55,-161,"GoA"
183,"Pink","S AKPen-Even","GOA",1998,7381938.5,7381938.5,7002097.5,55,-161,"GoA"
183,"Pink","S AKPen-Even","GOA",2000,7737451,7737451,4189477.5,55,-161,"GoA"
183,"Pink","S AKPen-Even","GOA",2002,18772955,18772955,5644200,55,-161,"GoA"
183,"Pink","S AKPen-Even","GOA",2004,7222880,7222880,12467115,55,-161,"GoA"
183,"Pink","S AKPen-Even","GOA",2006,15746337,15746337,4293375,55,-161,"GoA"
183,"Pink","S AKPen-Even","GOA",2008,1615710,1615710,5007555,55,-161,"GoA"
183,"Pink","S AKPen-Even","GOA",2010,946896,946896,1114368,55,-161,"GoA"
183,"Pink","S AKPen-Even","GOA",2012,2551519,2551519,718365,55,-161,"GoA"
183,"Pink","S AKPen-Even","GOA",2014,1917727,1917727,2010570,55,-161,"GoA"
183,"Pink","S AKPen-Even","GOA",2016,1515223,1515223,1557240,55,-161,"GoA"
183,"Pink","S AKPen-Even","GOA",2018,8110591,8110591,1098633,55,-161,"GoA"
183,"Pink","S AKPen-Even","GOA",2020,12370464,12370464,4814625,55,-161,"GoA"
184,"Pink","S AKPen-Odd","GOA",1963,4359200,4359200,1976850,55,-161,"GoA"
184,"Pink","S AKPen-Odd","GOA",1965,725550,725550,1553100,55,-161,"GoA"
184,"Pink","S AKPen-Odd","GOA",1967,4840450,4840450,668250,55,-161,"GoA"
184,"Pink","S AKPen-Odd","GOA",1969,2479841,2479841,3712350,55,-161,"GoA"
184,"Pink","S AKPen-Odd","GOA",1971,204821,204821,1054050,55,-161,"GoA"
184,"Pink","S AKPen-Odd","GOA",1973,883545,883545,166200,55,-161,"GoA"
184,"Pink","S AKPen-Odd","GOA",1975,5459950,5459950,828150,55,-161,"GoA"
184,"Pink","S AKPen-Odd","GOA",1977,10354351,10354351,4016700,55,-161,"GoA"
184,"Pink","S AKPen-Odd","GOA",1979,8041978,8041978,3944250,55,-161,"GoA"
184,"Pink","S AKPen-Odd","GOA",1981,4048547,4048547,3460200,55,-161,"GoA"
184,"Pink","S AKPen-Odd","GOA",1983,6745101,6745101,1276800,55,-161,"GoA"
184,"Pink","S AKPen-Odd","GOA",1985,3502324,3502324,2420700,55,-161,"GoA"
184,"Pink","S AKPen-Odd","GOA",1987,9899773,9899773,2310750,55,-161,"GoA"
184,"Pink","S AKPen-Odd","GOA",1989,14416812,14416812,2806350,55,-161,"GoA"
184,"Pink","S AKPen-Odd","GOA",1991,14332056,14332056,4420200,55,-161,"GoA"
184,"Pink","S AKPen-Odd","GOA",1993,25741639,25741639,4485150,55,-161,"GoA"
184,"Pink","S AKPen-Odd","GOA",1995,9562901.5,9562901.5,9609450,55,-161,"GoA"
184,"Pink","S AKPen-Odd","GOA",1997,15948056,15948056,7864912.5,55,-161,"GoA"
184,"Pink","S AKPen-Odd","GOA",1999,8429834,8429834,7522965,55,-161,"GoA"
184,"Pink","S AKPen-Odd","GOA",2001,12306776,12306776,4447704,55,-161,"GoA"
184,"Pink","S AKPen-Odd","GOA",2003,17003266,17003266,8266830,55,-161,"GoA"
184,"Pink","S AKPen-Odd","GOA",2005,11052121.5,11052121.5,9248451,55,-161,"GoA"
184,"Pink","S AKPen-Odd","GOA",2007,10251963,10251963,4020319.5,55,-161,"GoA"
184,"Pink","S AKPen-Odd","GOA",2009,8011354,8011354,4600500,55,-161,"GoA"
184,"Pink","S AKPen-Odd","GOA",2011,10970385,10970385,3742425,55,-161,"GoA"
184,"Pink","S AKPen-Odd","GOA",2013,27841698,27841698,3481185,55,-161,"GoA"
184,"Pink","S AKPen-Odd","GOA",2015,28598777.5,28598777.5,11731200,55,-161,"GoA"
184,"Pink","S AKPen-Odd","GOA",2017,17831062,17831062,8495455.5,55,-161,"GoA"
184,"Pink","S AKPen-Odd","GOA",2019,19093416,19093416,6355050,55,-161,"GoA"
185,"Pink","NW AK Peninsula-Even","BS",1962,29300,29300,6000,54.982,-163.37,"BS"
185,"Pink","NW AK Peninsula-Even","BS",1964,18550,18550,22500,54.982,-163.37,"BS"
185,"Pink","NW AK Peninsula-Even","BS",1966,39750,39750,2550,54.982,-163.37,"BS"
185,"Pink","NW AK Peninsula-Even","BS",1968,24495,24495,39750,54.982,-163.37,"BS"
185,"Pink","NW AK Peninsula-Even","BS",1970,1832,1832,16650,54.982,-163.37,"BS"
185,"Pink","NW AK Peninsula-Even","BS",1972,57500,57500,1800,54.982,-163.37,"BS"
185,"Pink","NW AK Peninsula-Even","BS",1974,56035,56035,34500,54.982,-163.37,"BS"
185,"Pink","NW AK Peninsula-Even","BS",1976,603382,603382,55950,54.982,-163.37,"BS"
185,"Pink","NW AK Peninsula-Even","BS",1978,438929,438929,135600,54.982,-163.37,"BS"
185,"Pink","NW AK Peninsula-Even","BS",1980,82635,82635,141000,54.982,-163.37,"BS"
185,"Pink","NW AK Peninsula-Even","BS",1982,59369,59369,77550,54.982,-163.37,"BS"
185,"Pink","NW AK Peninsula-Even","BS",1984,29235,29235,49500,54.982,-163.37,"BS"
185,"Pink","NW AK Peninsula-Even","BS",1986,72905,72905,19350,54.982,-163.37,"BS"
185,"Pink","NW AK Peninsula-Even","BS",1988,33430,33430,42750,54.982,-163.37,"BS"
185,"Pink","NW AK Peninsula-Even","BS",1990,9220.5,9220.5,33300,54.982,-163.37,"BS"
185,"Pink","NW AK Peninsula-Even","BS",1992,330186,330186,904.5,54.982,-163.37,"BS"
185,"Pink","NW AK Peninsula-Even","BS",1994,328067,328067,142050,54.982,-163.37,"BS"
185,"Pink","NW AK Peninsula-Even","BS",1996,210405,210405,324900,54.982,-163.37,"BS"
185,"Pink","NW AK Peninsula-Even","BS",1998,71719,71719,194250,54.982,-163.37,"BS"
185,"Pink","NW AK Peninsula-Even","BS",2000,21628,21628,53850,54.982,-163.37,"BS"
185,"Pink","NW AK Peninsula-Even","BS",2002,139384,139384,17850,54.982,-163.37,"BS"
185,"Pink","NW AK Peninsula-Even","BS",2004,250387.5,250387.5,127950,54.982,-163.37,"BS"
185,"Pink","NW AK Peninsula-Even","BS",2006,34391,34391,193372.5,54.982,-163.37,"BS"
185,"Pink","NW AK Peninsula-Even","BS",2008,29400,29400,17850,54.982,-163.37,"BS"
185,"Pink","NW AK Peninsula-Even","BS",2010,17248.5,17248.5,22950,54.982,-163.37,"BS"
185,"Pink","NW AK Peninsula-Even","BS",2012,12814,12814,16354.5,54.982,-163.37,"BS"
185,"Pink","NW AK Peninsula-Even","BS",2014,53187,53187,11250,54.982,-163.37,"BS"
185,"Pink","NW AK Peninsula-Even","BS",2016,19159,19159,51375,54.982,-163.37,"BS"
185,"Pink","NW AK Peninsula-Even","BS",2018,75101,75101,16650,54.982,-163.37,"BS"
185,"Pink","NW AK Peninsula-Even","BS",2020,51741,51741,70050,54.982,-163.37,"BS"
186,"Pink","NW AK Peninsula-Odd","BS",1963,3350,3350,6600,54.982,-163.37,"BS"
186,"Pink","NW AK Peninsula-Odd","BS",1965,1350,1350,1350,54.982,-163.37,"BS"
186,"Pink","NW AK Peninsula-Odd","BS",1967,6600,6600,1050,54.982,-163.37,"BS"
186,"Pink","NW AK Peninsula-Odd","BS",1969,13026,13026,6600,54.982,-163.37,"BS"
186,"Pink","NW AK Peninsula-Odd","BS",1971,334,334,12750,54.982,-163.37,"BS"
186,"Pink","NW AK Peninsula-Odd","BS",1973,909,909,300,54.982,-163.37,"BS"
186,"Pink","NW AK Peninsula-Odd","BS",1975,9600,9600,900,54.982,-163.37,"BS"
186,"Pink","NW AK Peninsula-Odd","BS",1977,17327,17327,9600,54.982,-163.37,"BS"
186,"Pink","NW AK Peninsula-Odd","BS",1979,17613,17613,13950,54.982,-163.37,"BS"
186,"Pink","NW AK Peninsula-Odd","BS",1981,7168,7168,8550,54.982,-163.37,"BS"
186,"Pink","NW AK Peninsula-Odd","BS",1983,4052,4052,5850,54.982,-163.37,"BS"
186,"Pink","NW AK Peninsula-Odd","BS",1985,2496,2496,2100,54.982,-163.37,"BS"
186,"Pink","NW AK Peninsula-Odd","BS",1987,6045,6045,1650,54.982,-163.37,"BS"
186,"Pink","NW AK Peninsula-Odd","BS",1989,5209,5209,2850,54.982,-163.37,"BS"
186,"Pink","NW AK Peninsula-Odd","BS",1991,1106,1106,1800,54.982,-163.37,"BS"
186,"Pink","NW AK Peninsula-Odd","BS",1993,9184,9184,1050,54.982,-163.37,"BS"
186,"Pink","NW AK Peninsula-Odd","BS",1995,12336,12336,7800,54.982,-163.37,"BS"
186,"Pink","NW AK Peninsula-Odd","BS",1997,22922,22922,7200,54.982,-163.37,"BS"
186,"Pink","NW AK Peninsula-Odd","BS",1999,14507,14507,21750,54.982,-163.37,"BS"
186,"Pink","NW AK Peninsula-Odd","BS",2001,1904,1904,10350,54.982,-163.37,"BS"
186,"Pink","NW AK Peninsula-Odd","BS",2003,15055,15055,1200,54.982,-163.37,"BS"
186,"Pink","NW AK Peninsula-Odd","BS",2005,160642,160642,13107,54.982,-163.37,"BS"
186,"Pink","NW AK Peninsula-Odd","BS",2007,386453,386453,23625,54.982,-163.37,"BS"
186,"Pink","NW AK Peninsula-Odd","BS",2009,112095,112095,111600,54.982,-163.37,"BS"
186,"Pink","NW AK Peninsula-Odd","BS",2011,13773,13773,3600,54.982,-163.37,"BS"
186,"Pink","NW AK Peninsula-Odd","BS",2013,254787,254787,10650,54.982,-163.37,"BS"
186,"Pink","NW AK Peninsula-Odd","BS",2015,472565.5,472565.5,248700,54.982,-163.37,"BS"
186,"Pink","NW AK Peninsula-Odd","BS",2017,763654,763654,467572.5,54.982,-163.37,"BS"
186,"Pink","NW AK Peninsula-Odd","BS",2019,135871,135871,303300,54.982,-163.37,"BS"
196,"Pink","Kwiniuk-Even","BS",1966,136848.5,136848.5,10111,64.68,-162.01,"BS"
196,"Pink","Kwiniuk-Even","BS",1968,249827.5,249827.5,129275,64.68,-162.01,"BS"
196,"Pink","Kwiniuk-Even","BS",1970,66377.5,66377.5,240971,64.68,-162.01,"BS"
196,"Pink","Kwiniuk-Even","BS",1972,74336.5,74336.5,62655,64.68,-162.01,"BS"
196,"Pink","Kwiniuk-Even","BS",1974,36797,36797,66735,64.68,-162.01,"BS"
196,"Pink","Kwiniuk-Even","BS",1976,119198.5,119198.5,31753,64.68,-162.01,"BS"
196,"Pink","Kwiniuk-Even","BS",1978,333799.5,333799.5,98354,64.68,-162.01,"BS"
196,"Pink","Kwiniuk-Even","BS",1980,474650,474650,330966,64.68,-162.01,"BS"
196,"Pink","Kwiniuk-Even","BS",1990,1327473,1327473,388114,64.68,-162.01,"BS"
196,"Pink","Kwiniuk-Even","BS",1992,2377459.5,2377459.5,1324397,64.68,-162.01,"BS"
196,"Pink","Kwiniuk-Even","BS",1994,1070715.5,1070715.5,2372787,64.68,-162.01,"BS"
196,"Pink","Kwiniuk-Even","BS",1996,745078,745078,1031690,64.68,-162.01,"BS"
196,"Pink","Kwiniuk-Even","BS",1998,1442946,1442946,668798,64.68,-162.01,"BS"
196,"Pink","Kwiniuk-Even","BS",2000,1118600.5,1118600.5,1416770,64.68,-162.01,"BS"
196,"Pink","Kwiniuk-Even","BS",2002,3048418,3048418,1114428,64.68,-162.01,"BS"
196,"Pink","Kwiniuk-Even","BS",2004,1349683,1349683,3044489,64.68,-162.01,"BS"
196,"Pink","Kwiniuk-Even","BS",2006,1454926.5,1454926.5,1347075,64.68,-162.01,"BS"
196,"Pink","Kwiniuk-Even","BS",2008,643934,643934,1443831,64.68,-162.01,"BS"
196,"Pink","Kwiniuk-Even","BS",2010,446985.5,446985.5,634190,64.68,-162.01,"BS"
196,"Pink","Kwiniuk-Even","BS",2012,342605,342605,415174,64.68,-162.01,"BS"
196,"Pink","Kwiniuk-Even","BS",2014,1956675.5,1956675.5,326054,64.68,-162.01,"BS"
196,"Pink","Kwiniuk-Even","BS",2016,1841956,1841956,1933803,64.68,-162.01,"BS"
196,"Pink","Kwiniuk-Even","BS",2018,1769343.5,1769343.5,1835039,64.68,-162.01,"BS"
196,"Pink","Kwiniuk-Even","BS",2020,412183.5,412183.5,1767447,64.68,-162.01,"BS"
197,"Pink","Kwiniuk-Odd","BS",1965,4566,4566,8643,64.68,-162.01,"BS"
197,"Pink","Kwiniuk-Odd","BS",1967,64324.5,64324.5,3905,64.68,-162.01,"BS"
197,"Pink","Kwiniuk-Odd","BS",1969,19101,19101,57526,64.68,-162.01,"BS"
197,"Pink","Kwiniuk-Odd","BS",1971,56887.5,56887.5,18117,64.68,-162.01,"BS"
197,"Pink","Kwiniuk-Odd","BS",1973,60565.5,60565.5,51586,64.68,-162.01,"BS"
197,"Pink","Kwiniuk-Odd","BS",1975,51603,51603,57722,64.68,-162.01,"BS"
197,"Pink","Kwiniuk-Odd","BS",1977,326398.5,326398.5,46309,64.68,-162.01,"BS"
197,"Pink","Kwiniuk-Odd","BS",1979,651421.5,651421.5,302954,64.68,-162.01,"BS"
197,"Pink","Kwiniuk-Odd","BS",1983,26734.5,26734.5,311201,64.68,-162.01,"BS"
197,"Pink","Kwiniuk-Odd","BS",1989,79290.5,79290.5,25247,64.68,-162.01,"BS"
197,"Pink","Kwiniuk-Odd","BS",1991,51518,51518,77513,64.68,-162.01,"BS"
197,"Pink","Kwiniuk-Odd","BS",1993,25955,25955,50655,64.68,-162.01,"BS"
197,"Pink","Kwiniuk-Odd","BS",1995,11131,11131,23451,64.68,-162.01,"BS"
197,"Pink","Kwiniuk-Odd","BS",1997,1874,1874,10474,64.68,-162.01,"BS"
197,"Pink","Kwiniuk-Odd","BS",1999,8981,8981,1092,64.68,-162.01,"BS"
197,"Pink","Kwiniuk-Odd","BS",2001,23591,23591,8286,64.68,-162.01,"BS"
197,"Pink","Kwiniuk-Odd","BS",2003,342759.5,342759.5,22329,64.68,-162.01,"BS"
197,"Pink","Kwiniuk-Odd","BS",2005,55950,55950,340899,64.68,-162.01,"BS"
197,"Pink","Kwiniuk-Odd","BS",2007,43738.5,43738.5,54255,64.68,-162.01,"BS"
197,"Pink","Kwiniuk-Odd","BS",2009,31433.5,31433.5,42960,64.68,-162.01,"BS"
197,"Pink","Kwiniuk-Odd","BS",2011,14079.5,14079.5,30999,64.68,-162.01,"BS"
197,"Pink","Kwiniuk-Odd","BS",2013,69601.5,69601.5,13212,64.68,-162.01,"BS"
197,"Pink","Kwiniuk-Odd","BS",2015,510955.5,510955.5,67294,64.68,-162.01,"BS"
197,"Pink","Kwiniuk-Odd","BS",2017,719889,719889,507685,64.68,-162.01,"BS"
197,"Pink","Kwiniuk-Odd","BS",2019,127349.5,127349.5,710901,64.68,-162.01,"BS"
