"Species","Stock","Region","First Brood Year","Last Brood Year","Latitude","Longitude"
"Sockeye","Birkenhead","West Coast",1950,2015,49.12,-123.06
"Sockeye","Bowron","West Coast",1950,2015,49.12,-123.06
"Sockeye","Chilko","West Coast",1950,2015,49.12,-123.06
"Sockeye","Cultus","West Coast",1950,2015,49.12,-123.06
"Sockeye","Early Stuart","West Coast",1950,2015,49.12,-123.06
"Sockeye","Gates","West Coast",1952,2015,49.12,-123.06
"Sockeye","Harrison","West Coast",1950,2015,49.12,-123.06
"Sockeye","Late Shuswap","West Coast",1950,2015,49.12,-123.06
"Sockeye","Late Stuart","West Coast",1950,2015,49.12,-123.06
"Sockeye","Nadina","West Coast",1973,2015,49.12,-123.06
"Sockeye","North Barriere","West Coast",1958,2015,49.12,-123.06
"Sockeye","Pitt","West Coast",1950,2015,49.12,-123.06
"Sockeye","Portage","West Coast",1951,2015,49.12,-123.06
"Sockeye","Quesnel","West Coast",1950,2015,49.12,-123.06
"Sockeye","Raft","West Coast",1950,2015,49.12,-123.06
"Sockeye","Scotch","West Coast",1952,2015,49.12,-123.06
"Sockeye","Seymour","West Coast",1950,2015,49.12,-123.06
"Sockeye","Stellako","West Coast",1950,2015,49.12,-123.06
"Sockeye","Weaver","West Coast",1966,2015,49.12,-123.06
"Sockeye","Great Central Lake","West Coast",1977,2015,49.24,-124.8
"Sockeye","Sproat Lake","West Coast",1977,2015,49.24,-124.8
"Sockeye","Canoona","West Coast",1975,2014,53.08,-128.555
"Sockeye","Skidegate","West Coast",1956,2015,53.167,-131.789
"Sockeye","Evelyn","West Coast",1954,2014,53.56,-128.958
"Sockeye","Awun","West Coast",1957,2015,53.665,-132.523
"Sockeye","Yakoun","West Coast",1957,2015,53.682,-132.235
"Sockeye","Alastair","Southeast Alaska",1960,2015,54.22,-129.831
"Sockeye","Babine Early Wild","Southeast Alaska",1960,2015,54.22,-129.831
"Sockeye","Babine Late Wild","Southeast Alaska",1960,2015,54.22,-129.831
"Sockeye","Babine Mid Wild","Southeast Alaska",1960,2015,54.22,-129.831
"Sockeye","Bear-Skeena","Southeast Alaska",1960,2015,54.22,-129.831
"Sockeye","Kitsumkalum","Southeast Alaska",1960,2015,54.22,-129.831
"Sockeye","Lakelse","Southeast Alaska",1960,2015,54.22,-129.831
"Sockeye","Morice","Southeast Alaska",1960,2015,54.22,-129.831
"Sockeye","Swan-Stephens","Southeast Alaska",1960,2015,54.22,-129.831
"Sockeye","Bowser","Southeast Alaska",1982,2015,54.99,-130.02
"Sockeye","Damdochax","Southeast Alaska",1982,2015,54.99,-130.02
"Sockeye","Kwinageese","Southeast Alaska",1982,2015,54.99,-130.02
"Sockeye","Lower Nass Sea & River Type","Southeast Alaska",1982,2015,54.99,-130.02
"Sockeye","Meziadin","Southeast Alaska",1982,2015,54.99,-130.02
"Sockeye","Upper Nass River Type","Southeast Alaska",1982,2015,54.99,-130.02
"Sockeye","Redoubt","Southeast Alaska",1982,2015,56.9,-135.33
"Sockeye","Chilkoot","Southeast Alaska",1976,2015,58.92,-135.23
"Sockeye","Copper","Gulf of Alaska",1961,2015,60.46,-144.96
"Sockeye","Early Russian","Gulf of Alaska",1965,2015,60.54,-151.28
"Sockeye","Kenai","Gulf of Alaska",1968,2015,60.54,-151.28
"Sockeye","Kasilof","Gulf of Alaska",1968,2015,60.39,-151.3
"Sockeye","Upper Station Early","Gulf of Alaska",1969,2015,57.06,-154.36
"Sockeye","Upper Station Late","Gulf of Alaska",1970,2015,57.06,-154.36
"Sockeye","Karluk Early","Gulf of Alaska",1982,2015,57.57,-154.45
"Sockeye","Karluk Late","Gulf of Alaska",1982,2015,57.57,-154.45
"Sockeye","Ayakulik","Gulf of Alaska",1966,2015,57.2,-154.54
"Sockeye","Chignik Early","Gulf of Alaska",1983,2015,56.28,-158.64
"Sockeye","Chignik Late","Gulf of Alaska",1983,2015,56.28,-158.64
"Sockeye","Nelson","Bering Sea",1982,2015,55.96,-161.28
"Sockeye","Bear","Bering Sea",1982,2015,56.16,-160.45
"Sockeye","Kvichak","Bering Sea",1963,2014,57.5,-157.6
"Sockeye","Alagnak","Bering Sea",1963,2014,58.25,-157.38
"Sockeye","Wood","Bering Sea",1963,2014,58.68,-158.8
"Sockeye","Naknek","Bering Sea",1963,2014,58.78,-157.08
"Sockeye","Igushik","Bering Sea",1963,2014,58.82,-158.62
"Sockeye","Nushagak","Bering Sea",1963,2014,58.82,-158.49
"Sockeye","Egegik","Bering Sea",1963,2014,58.85,-157.03
"Sockeye","Ugashik","Bering Sea",1963,2014,58.85,-158.5
"Sockeye","Togiak","Bering Sea",1956,2015,58.95,-160.45
"Sockeye","Goodnews","Bering Sea",1981,2015,59.11,-161.62
"Chum","Willapa Bay","West Coast",1968,2016,46.3733,-123.9575
"Chum","Grays Harbour","West Coast",1969,2016,46.95083,-124.0497
"Chum","S Sound Summer","West Coast",1968,2016,47.042,-122.835
"Chum","S Sound Fall","West Coast",1968,2016,47.042,-122.835
"Chum","S Sound Winter","West Coast",1968,2016,47.042,-122.835
"Chum","Hood Canal","West Coast",1968,2016,47.5644,-122.9956
"Chum","Strait of Juan de Fuca","West Coast",1968,2016,48.162,-123.59
"Chum","Port Susan","West Coast",1968,2016,48.23861,-122.3758
"Chum","Skagit","West Coast",1968,2016,48.3875,-122.3656
"Chum","Bellingham","West Coast",1968,2016,48.775,-122.5978
"Chum","Spiller-Fitz-Hugh-Burke","West Coast",1954,2016,52.16,-128.14
"Chum","Bella Coola-Dean Rivers","West Coast",1954,2016,52.38,-126.78
"Chum","Mussel-Kynoch","West Coast",1954,2015,52.61,-128.52
"Chum","Hecate Lowlands","West Coast",1954,2016,53.42,-129.25
"Chum","Douglas-Gardner","West Coast",1954,2015,53.96,-128.68
"Chum","Afognak","Gulf of Alaska",1984,2019,58.4,-152
"Chum","E Kodiak","Gulf of Alaska",1984,2019,57.089858,-153.187928
"Chum","NW Kodiak","Gulf of Alaska",1984,2019,57.856839,-153.882906
"Chum","Alitak","Gulf of Alaska",1984,2019,56.88528,-154.1217
"Chum","SW Kodiak","Gulf of Alaska",1984,2019,57.264508,-154.613211
"Chum","Mainland Kodiak","Gulf of Alaska",1979,2019,58.03333,-154.6644
"Chum","Chignik","Gulf of Alaska",1980,2019,56.59639,-157.9933
"Chum","NW AK Peninsula","Bering Sea",1962,2019,54.982,-163.37
"Chum","S AK Peninsula","Bering Sea",1962,2019,55.5,-161
"Chum","N AK Peninsula","Bering Sea",1962,2019,56.46,-159.68
"Chum","Yukon - Summer","Bering Sea",1978,2017,62.55,-165
"Chum","Yukon - Fall","Bering Sea",1974,2019,62.55,-165
"Chum","Kwiniuk Inlet","Bering Sea",1965,2018,64.72,-161.96
"Pink","Nisqually-Odd","West Coast",1959,2019,47.101,-122.706
"Pink","S South Misc.-Odd","West Coast",1959,2019,47.16,-122.91
"Pink","Puyallup-Odd","West Coast",1959,2019,47.26972,-122.4272
"Pink","Hood Canal-Odd","West Coast",1959,2019,47.5644,-122.9956
"Pink","Snohomish-Odd","West Coast",1959,2019,48.02139,-122.2072
"Pink","Dungeness-Odd","West Coast",1959,2019,48.1508,-123.1333
"Pink","Stillaguamish-Odd","West Coast",1959,2019,48.23861,-122.3758
"Pink","Skagit-Odd","West Coast",1959,2019,48.3875,-122.3656
"Pink","Nooksack-Odd","West Coast",1959,2019,48.775,-122.5978
"Pink","Fraser-Odd","West Coast",1961,2019,49.12333,-123.0569
"Pink","Hecate Lowlands-Even","West Coast",1954,2018,52.45,-129.1
"Pink","Hecate Strait-Fjords-Even","West Coast",1954,2018,52.45,-129.1
"Pink","N Haida Gwaii-Even","Southeast Alaska",1954,2018,54.09,-132.14
"Pink","S Southeast Alaska-Even","Southeast Alaska",1960,2020,55.71556,-131.8714
"Pink","S Southeast Alaska-Odd","Southeast Alaska",1961,2019,55.71556,-131.8714
"Pink","N Southeast Alaska Outside-Even","Southeast Alaska",1960,2020,57.17694,-135.7869
"Pink","N Southeast Alaska Outside-Odd","Southeast Alaska",1961,2019,57.17694,-135.7869
"Pink","N Southeast Alaska Inside-Even","Southeast Alaska",1960,2020,57.57528,-134.7503
"Pink","N Southeast Alaska Inside-Odd","Southeast Alaska",1961,2019,57.57528,-134.7503
"Pink","Auke Creek-Even","Southeast Alaska",1978,2016,58.376,-134.65
"Pink","Auke Creek-Odd","Southeast Alaska",1979,2015,58.376,-134.65
"Pink","Prince William Sound-Even","Gulf of Alaska",1960,2016,60.5,-147
"Pink","Prince William Sound-Odd","Gulf of Alaska",1961,2017,60.5,-147
"Pink","Kodiak-Even","Gulf of Alaska",1978,2020,58.03333,-154.6644
"Pink","Kodiak-Odd","Gulf of Alaska",1979,2019,58.03333,-154.6644
"Pink","Chignik-Even","Gulf of Alaska",1980,2020,56.38528,-158.2261
"Pink","Chignik-Odd","Gulf of Alaska",1981,2019,56.38528,-158.2261
"Pink","S AKPen-Even","Gulf of Alaska",1962,2020,55,-161
"Pink","S AKPen-Odd","Gulf of Alaska",1963,2019,55,-161
"Pink","NW AK Peninsula-Even","Bering Sea",1962,2020,54.982,-163.37
"Pink","NW AK Peninsula-Odd","Bering Sea",1963,2019,54.982,-163.37
"Pink","Kwiniuk-Even","Bering Sea",1966,2020,64.68,-162.01
"Pink","Kwiniuk-Odd","Bering Sea",1965,2019,64.68,-162.01
